[
{
    "model": "sessions.session",
    "pk": "axb21ee2u6d50aa6khlrwe7oq5fgqru5",
    "fields": {
        "session_data": "M2FiMGE5YTc4MDBkMmE0YTkwNDI0YTU0YmQ5YjdiYmMzNjkwYmNlMTp7Il9hdXRoX3VzZXJfaGFzaCI6ImQ0ZTNlODI2OTVmOGYwNDM5ODhlNWNiYTMzOTViMTIyZmI2MTZlMTQiLCJfYXV0aF91c2VyX2JhY2tlbmQiOiJhY2NvdW50cy5iYWNrZW5kcy5FbWFpbEF1dGgiLCJfYXV0aF91c2VyX2lkIjoiOCJ9",
        "expire_date": "2016-10-24T18:39:48.342Z"
    }
},
{
    "model": "sessions.session",
    "pk": "bm8l41b43z28e2g57rina52evpswaxfu",
    "fields": {
        "session_data": "M2FiMGE5YTc4MDBkMmE0YTkwNDI0YTU0YmQ5YjdiYmMzNjkwYmNlMTp7Il9hdXRoX3VzZXJfaGFzaCI6ImQ0ZTNlODI2OTVmOGYwNDM5ODhlNWNiYTMzOTViMTIyZmI2MTZlMTQiLCJfYXV0aF91c2VyX2JhY2tlbmQiOiJhY2NvdW50cy5iYWNrZW5kcy5FbWFpbEF1dGgiLCJfYXV0aF91c2VyX2lkIjoiOCJ9",
        "expire_date": "2016-10-30T19:52:21.797Z"
    }
},
{
    "model": "sessions.session",
    "pk": "bz282qorg2re6idwd0w0aovk6pcfbs3z",
    "fields": {
        "session_data": "M2FiMGE5YTc4MDBkMmE0YTkwNDI0YTU0YmQ5YjdiYmMzNjkwYmNlMTp7Il9hdXRoX3VzZXJfaGFzaCI6ImQ0ZTNlODI2OTVmOGYwNDM5ODhlNWNiYTMzOTViMTIyZmI2MTZlMTQiLCJfYXV0aF91c2VyX2JhY2tlbmQiOiJhY2NvdW50cy5iYWNrZW5kcy5FbWFpbEF1dGgiLCJfYXV0aF91c2VyX2lkIjoiOCJ9",
        "expire_date": "2016-10-30T20:15:24.354Z"
    }
},
{
    "model": "sessions.session",
    "pk": "euq7q25to7ext01ufxffnd508do7gjhd",
    "fields": {
        "session_data": "ZDBjZmQ3YmY2OWRmNmNmYmQ2NzQyZWMwYTA1ZmUxN2NiMmFkYWVkZDp7ImxpbmtlZF9hc3NldHMiOiJbe1wibW9kZWxcIjogXCJhc3NldHMuYXNzZXRcIiwgXCJwa1wiOiAxLCBcImZpZWxkc1wiOiB7fX0sIHtcIm1vZGVsXCI6IFwiYXNzZXRzLmFzc2V0XCIsIFwicGtcIjogMiwgXCJmaWVsZHNcIjoge319LCB7XCJtb2RlbFwiOiBcImFzc2V0cy5hc3NldFwiLCBcInBrXCI6IDMsIFwiZmllbGRzXCI6IHt9fV0iLCJfYXV0aF91c2VyX2hhc2giOiJkNGUzZTgyNjk1ZjhmMDQzOTg4ZTVjYmEzMzk1YjEyMmZiNjE2ZTE0IiwiX2F1dGhfdXNlcl9pZCI6IjgiLCJfYXV0aF91c2VyX2JhY2tlbmQiOiJhY2NvdW50cy5iYWNrZW5kcy5FbWFpbEF1dGgifQ==",
        "expire_date": "2016-12-25T22:13:36.834Z"
    }
},
{
    "model": "sessions.session",
    "pk": "pejljap0y31p1487zs0g6yaasp8ydlz7",
    "fields": {
        "session_data": "NTI5ZmU2NzM0YWM2ZWJlMDM5YjkzZGFhMmJmYjA3NTUyYWJmZTFiYjp7ImxpbmtlZF9hc3NldHMiOiJbe1wibW9kZWxcIjogXCJhc3NldHMuYXNzZXRcIiwgXCJwa1wiOiAxLCBcImZpZWxkc1wiOiB7fX0sIHtcIm1vZGVsXCI6IFwiYXNzZXRzLmFzc2V0XCIsIFwicGtcIjogMiwgXCJmaWVsZHNcIjoge319LCB7XCJtb2RlbFwiOiBcImFzc2V0cy5hc3NldFwiLCBcInBrXCI6IDMsIFwiZmllbGRzXCI6IHt9fV0iLCJfYXV0aF91c2VyX2hhc2giOiJkNGUzZTgyNjk1ZjhmMDQzOTg4ZTVjYmEzMzk1YjEyMmZiNjE2ZTE0IiwiX2F1dGhfdXNlcl9iYWNrZW5kIjoiYWNjb3VudHMuYmFja2VuZHMuRW1haWxBdXRoIiwiX2F1dGhfdXNlcl9pZCI6IjgifQ==",
        "expire_date": "2016-12-20T18:40:39.950Z"
    }
},
{
    "model": "sessions.session",
    "pk": "t5x5vopc5l1iiadxmc6ipsb3axxiejsw",
    "fields": {
        "session_data": "Y2U1ODZlY2VlN2M5MTk4MTllMTEyMmM2OTI2ZTQ0OGYxYTg2YmVkYjp7ImxpbmtlZF9hc3NldHMiOiJbe1wibW9kZWxcIjogXCJhc3NldHMuYXNzZXRcIiwgXCJwa1wiOiAxLCBcImZpZWxkc1wiOiB7fX0sIHtcIm1vZGVsXCI6IFwiYXNzZXRzLmFzc2V0XCIsIFwicGtcIjogMiwgXCJmaWVsZHNcIjoge319XSIsIl9hdXRoX3VzZXJfaWQiOiI4IiwiX2F1dGhfdXNlcl9oYXNoIjoiZDRlM2U4MjY5NWY4ZjA0Mzk4OGU1Y2JhMzM5NWIxMjJmYjYxNmUxNCIsIl9hdXRoX3VzZXJfYmFja2VuZCI6ImFjY291bnRzLmJhY2tlbmRzLkVtYWlsQXV0aCIsImN1cnJlbnRfYXNzZXRfaWQiOiIxIn0=",
        "expire_date": "2016-12-16T12:18:23.199Z"
    }
},
{
    "model": "sessions.session",
    "pk": "yk0jvt50iu84uyl6q2frwf7zgm6kxw7d",
    "fields": {
        "session_data": "YzUzNmY1Y2U1ZmYzNDIxN2QxMWQ2YzIzOTU4YjkyMDJjMTQwMTI0Yzp7ImxpbmtlZF9hc3NldHMiOiJbe1wibW9kZWxcIjogXCJhc3NldHMuYXNzZXRcIiwgXCJwa1wiOiAyLCBcImZpZWxkc1wiOiB7fX1dIiwiX2F1dGhfdXNlcl9pZCI6IjI4IiwiX2F1dGhfdXNlcl9iYWNrZW5kIjoiYWNjb3VudHMuYmFja2VuZHMuRW1haWxBdXRoIiwiYXNzZXRfaWRfZm9yX3N0cmlwZSI6IjIiLCJlbmRfZGF0ZV9mb3Jfc3RyaXBlIjoiMjAxNi0xMi0yMiIsInN0YXJ0X2RhdGVfZm9yX3N0cmlwZSI6IjIwMTYtMTItMjAiLCJfYXV0aF91c2VyX2hhc2giOiIwYTM3ZDY0ZTRiZjAzZGQ4NTQxYTg4M2EzZDRhNjRhNWQwMzZhMmEwIn0=",
        "expire_date": "2016-12-20T09:37:38.247Z"
    }
},
{
    "model": "sites.site",
    "pk": 2,
    "fields": {
        "domain": "localhost",
        "name": "localhost"
    }
},
{
    "model": "flatpages.flatpage",
    "pk": 1,
    "fields": {
        "url": "/pages/about/",
        "title": "About Us",
        "content": "From Dublin, Ireland and VERY happy!",
        "enable_comments": false,
        "template_name": "flatpages/about.html",
        "registration_required": false,
        "sites": [
            [
                "localhost"
            ]
        ]
    }
},
{
    "model": "flatpages.flatpage",
    "pk": 2,
    "fields": {
        "url": "/pages/contact/",
        "title": "Contact",
        "content": "24/7 basically",
        "enable_comments": false,
        "template_name": "flatpages/contact.html",
        "registration_required": false,
        "sites": [
            [
                "localhost"
            ]
        ]
    }
},
{
    "model": "flatpages.flatpage",
    "pk": 3,
    "fields": {
        "url": "/pages/share/",
        "title": "Sharing",
        "content": "If you answer 'Yes' to any of these questions, then you've come to the right place! <br><br>\r\n<div>\r\n<i class=\"fa fa-check-square-o\" aria-hidden=\"true\"></i> Do you own an item that other people want to borrow?<br><span class=\"visible-xs\"><br></span>\r\n</div>\r\n<div>\r\n<i class=\"fa fa-check-square-o\" aria-hidden=\"true\"></i> Do you part-own an item that other people want to borrow?<br><span class=\"visible-xs\"><br></span>\r\n</div>\r\n<div>\r\n<i class=\"fa fa-check-square-o\" aria-hidden=\"true\"></i> Do you have difficulty keeping track of who is using it and when?<br><span class=\"visible-xs\"><br></span>\r\n</div>\r\n<div>\r\n<i class=\"fa fa-check-square-o\" aria-hidden=\"true\"></i> Do you want to manage the booking of this item in a quick and easy way?<br><span class=\"visible-xs\"><br></span>\r\n</div>\r\n<div>\r\n<i class=\"fa fa-check-square-o\" aria-hidden=\"true\"></i> Do you want to restrict who you lend to?<br><br>\r\n</div>\r\nWhere | Do | You | Share has been built for helping with these issues. <a href='/register/'\">Register</a> with us to start Sharing!",
        "enable_comments": false,
        "template_name": "flatpages/share.html",
        "registration_required": false,
        "sites": [
            [
                "localhost"
            ]
        ]
    }
},
{
    "model": "flatpages.flatpage",
    "pk": 4,
    "fields": {
        "url": "/pages/login/",
        "title": "Sign In",
        "content": "If you're not signed in, you can't win!",
        "enable_comments": false,
        "template_name": "flatpages/login.html",
        "registration_required": false,
        "sites": [
            [
                "localhost"
            ]
        ]
    }
},
{
    "model": "accounts.user",
    "pk": 8,
    "fields": {
        "password": "pbkdf2_sha256$30000$tC6GWGSooDN7$iDo1XZH/NTAULziCR014AwW07oeTjkBb65Inlb52cX0=",
        "last_login": "2016-12-11T23:53:41.746Z",
        "is_superuser": true,
        "username": "maria.m.hynes@gmail.com",
        "first_name": "Maria",
        "last_name": "Hynes",
        "email": "maria.m.hynes@gmail.com",
        "is_staff": true,
        "is_active": true,
        "date_joined": "2016-10-09T15:19:13.154Z",
        "groups": [],
        "user_permissions": []
    }
},
{
    "model": "accounts.user",
    "pk": 9,
    "fields": {
        "password": "pbkdf2_sha256$30000$DSsR9Tdrg3mN$HKHQoJ+xnO16hGq9/NYhxiq2Oz4qsn9YXErIOYjwrYQ=",
        "last_login": null,
        "is_superuser": false,
        "username": "barryhynes@databasis.ie",
        "first_name": "Barry",
        "last_name": "Hynes",
        "email": "barryhynes@databasis.ie",
        "is_staff": false,
        "is_active": true,
        "date_joined": "2016-10-09T15:25:10.276Z",
        "groups": [],
        "user_permissions": []
    }
},
{
    "model": "accounts.user",
    "pk": 10,
    "fields": {
        "password": "pbkdf2_sha256$30000$4XADozAKhRoh$luvHloDZ+d5ib0igmEJJRiUysuayfWhqKCDqOf1RX1A=",
        "last_login": "2016-11-18T10:55:34.303Z",
        "is_superuser": false,
        "username": "maria@databasis.ie",
        "first_name": "Maria",
        "last_name": "Hynes",
        "email": "maria@databasis.ie",
        "is_staff": false,
        "is_active": true,
        "date_joined": "2016-10-09T15:33:17.425Z",
        "groups": [],
        "user_permissions": []
    }
},
{
    "model": "accounts.user",
    "pk": 11,
    "fields": {
        "password": "pbkdf2_sha256$30000$g0eBB5edA1Sn$5+9Wk7lb78guqY+UOaLVRb8ifgn1TmWhE6WVGYNQlJc=",
        "last_login": "2016-10-09T19:09:51.299Z",
        "is_superuser": false,
        "username": "ciara@databasis.ie",
        "first_name": "Ciara",
        "last_name": "Ryan",
        "email": "ciara@databasis.ie",
        "is_staff": false,
        "is_active": true,
        "date_joined": "2016-10-09T19:06:09.493Z",
        "groups": [],
        "user_permissions": []
    }
},
{
    "model": "accounts.user",
    "pk": 12,
    "fields": {
        "password": "pbkdf2_sha256$30000$gGAjbIonWPzP$tmqfyCfR6nknyVrvZrmGhe2dyXlk9FByc3uDSCKpIc4=",
        "last_login": "2016-10-09T19:11:52.673Z",
        "is_superuser": false,
        "username": "paul@databasis.ie",
        "first_name": "Paul",
        "last_name": "Ryan",
        "email": "paul@databasis.ie",
        "is_staff": false,
        "is_active": true,
        "date_joined": "2016-10-09T19:11:52.382Z",
        "groups": [],
        "user_permissions": []
    }
},
{
    "model": "accounts.user",
    "pk": 13,
    "fields": {
        "password": "pbkdf2_sha256$30000$caQ2zI1E1H5U$0x3gmMFiw0xKR6XsGInUEtd/yJjQENy1N7Jf+oPB+4w=",
        "last_login": "2016-12-11T22:38:31.549Z",
        "is_superuser": false,
        "username": "david.hynes@gmail.com",
        "first_name": "David",
        "last_name": "Hynes",
        "email": "david.hynes@gmail.com",
        "is_staff": false,
        "is_active": true,
        "date_joined": "2016-10-11T09:41:21.856Z",
        "groups": [],
        "user_permissions": []
    }
},
{
    "model": "accounts.user",
    "pk": 14,
    "fields": {
        "password": "pbkdf2_sha256$30000$caQ2zI1E1H5U$0x3gmMFiw0xKR6XsGInUEtd/yJjQENy1N7Jf+oPB+4w=",
        "last_login": null,
        "is_superuser": false,
        "username": "brend.hynes@gmail.com",
        "first_name": "Brendan",
        "last_name": "Hynes",
        "email": "brend.hynes@gmail.com",
        "is_staff": false,
        "is_active": true,
        "date_joined": "2016-10-18T19:18:14Z",
        "groups": [],
        "user_permissions": []
    }
},
{
    "model": "accounts.user",
    "pk": 15,
    "fields": {
        "password": "123",
        "last_login": null,
        "is_superuser": false,
        "username": "eddie.hynes@gmail.com",
        "first_name": "Eddie",
        "last_name": "Hynes",
        "email": "eddie.hynes@gmail.com",
        "is_staff": false,
        "is_active": true,
        "date_joined": "2016-10-18T19:18:58Z",
        "groups": [],
        "user_permissions": []
    }
},
{
    "model": "accounts.user",
    "pk": 16,
    "fields": {
        "password": "123",
        "last_login": null,
        "is_superuser": false,
        "username": "darragh.hynes@gmail.com",
        "first_name": "Darragh",
        "last_name": "Hynes",
        "email": "darragh.hynes@gmail.com",
        "is_staff": false,
        "is_active": true,
        "date_joined": "2016-10-18T19:19:36Z",
        "groups": [],
        "user_permissions": []
    }
},
{
    "model": "accounts.user",
    "pk": 17,
    "fields": {
        "password": "123",
        "last_login": null,
        "is_superuser": false,
        "username": "eoghan.hynes@gmail.com",
        "first_name": "Eoghan",
        "last_name": "Hynes",
        "email": "eoghan.hynes@gmail.com",
        "is_staff": false,
        "is_active": true,
        "date_joined": "2016-10-18T19:19:59Z",
        "groups": [],
        "user_permissions": []
    }
},
{
    "model": "accounts.user",
    "pk": 19,
    "fields": {
        "password": "pbkdf2_sha256$30000$M7k7fa26lSvd$yzGkEgff4Af3Sh+dKNWLejZQ/dTKYSOQqHnnWqDDZuo=",
        "last_login": "2016-12-02T22:44:06.706Z",
        "is_superuser": false,
        "username": "fakename@databasis.ie",
        "first_name": "Fake",
        "last_name": "Name",
        "email": "fakename@databasis.ie",
        "is_staff": false,
        "is_active": true,
        "date_joined": "2016-11-18T21:25:54.419Z",
        "groups": [],
        "user_permissions": []
    }
},
{
    "model": "accounts.user",
    "pk": 20,
    "fields": {
        "password": "pbkdf2_sha256$30000$N6Lke6cIRxZU$le6Grz5TQDrpqn6d3EorXMlO1JZ+6eQ8HaiH6AQsBno=",
        "last_login": "2016-11-18T21:51:35.910Z",
        "is_superuser": false,
        "username": "fakenames@gmail.com",
        "first_name": "Maria",
        "last_name": "Hynes",
        "email": "fakenames@gmail.com",
        "is_staff": false,
        "is_active": true,
        "date_joined": "2016-11-18T21:51:35.572Z",
        "groups": [],
        "user_permissions": []
    }
},
{
    "model": "accounts.user",
    "pk": 21,
    "fields": {
        "password": "pbkdf2_sha256$30000$p4pPylgcIpFW$9+xe09KrviNvU5O4CT2iYzNjCrc9kFOb4WhD7S2ljXk=",
        "last_login": "2016-11-18T21:54:03.435Z",
        "is_superuser": false,
        "username": "ann.hynes@gmail.com",
        "first_name": "Ann",
        "last_name": "Hynes",
        "email": "ann.hynes@gmail.com",
        "is_staff": false,
        "is_active": true,
        "date_joined": "2016-11-18T21:54:03.092Z",
        "groups": [],
        "user_permissions": []
    }
},
{
    "model": "accounts.user",
    "pk": 22,
    "fields": {
        "password": "123",
        "last_login": null,
        "is_superuser": false,
        "username": "lara.hynes@gmail.com",
        "first_name": "Lara",
        "last_name": "Hynes",
        "email": "lara.hynes@gmail.com",
        "is_staff": false,
        "is_active": true,
        "date_joined": "2016-11-18T21:58:37Z",
        "groups": [],
        "user_permissions": []
    }
},
{
    "model": "accounts.user",
    "pk": 24,
    "fields": {
        "password": "pbkdf2_sha256$30000$hwEhjDcLvogj$C8QgeWbnYZgxZ5s9UmxgJ+CScxFgYKs5RFqHW1jSSZ8=",
        "last_login": "2016-12-06T15:53:11.781Z",
        "is_superuser": false,
        "username": "brendan.hynes@gmail.com",
        "first_name": "Brendan",
        "last_name": "Hynes",
        "email": "brendan.hynes@gmail.com",
        "is_staff": false,
        "is_active": true,
        "date_joined": "2016-11-26T18:49:01.585Z",
        "groups": [],
        "user_permissions": []
    }
},
{
    "model": "accounts.user",
    "pk": 25,
    "fields": {
        "password": "pbkdf2_sha256$30000$KGjrSmNwkbLs$MeFjbsf35LVPHKp9L9d+jO6VOQnP0yARtL+w8edewlc=",
        "last_login": "2016-12-10T15:51:24.039Z",
        "is_superuser": false,
        "username": "fakename2@databasis.ie",
        "first_name": "Fake",
        "last_name": "Name",
        "email": "fakename2@databasis.ie",
        "is_staff": false,
        "is_active": true,
        "date_joined": "2016-12-05T12:31:00.793Z",
        "groups": [],
        "user_permissions": []
    }
},
{
    "model": "accounts.user",
    "pk": 28,
    "fields": {
        "password": "pbkdf2_sha256$30000$fghAzmoKSY4g$URtv3RClAcyXJmzPDdVptxFrhjwrdZt3RyzSQERXAoE=",
        "last_login": "2016-12-07T23:00:58.429Z",
        "is_superuser": false,
        "username": "fakename3@databasis.ie",
        "first_name": "Fake",
        "last_name": "Name",
        "email": "fakename3@databasis.ie",
        "is_staff": false,
        "is_active": true,
        "date_joined": "2016-12-05T12:49:27.429Z",
        "groups": [],
        "user_permissions": []
    }
},
{
    "model": "accounts.user",
    "pk": 29,
    "fields": {
        "password": "pbkdf2_sha256$30000$qVec1nEYTQfJ$yUiNDrKZC/qrT4/LRT78KbgeKZaAUGDtGRI87+YWbmk=",
        "last_login": "2016-12-05T23:09:00.086Z",
        "is_superuser": false,
        "username": "fakename4@databasis.ie",
        "first_name": "Fake",
        "last_name": "Name",
        "email": "fakename4@databasis.ie",
        "is_staff": false,
        "is_active": true,
        "date_joined": "2016-12-05T23:08:59.731Z",
        "groups": [],
        "user_permissions": []
    }
},
{
    "model": "accounts.user",
    "pk": 30,
    "fields": {
        "password": "pbkdf2_sha256$30000$CfgouqisWrRP$3uTDfD1RnLAVXecQQfWHMTMSCSRfLbqXppdCYlirkGk=",
        "last_login": "2016-12-06T09:22:11.875Z",
        "is_superuser": false,
        "username": "fakename5@databasis.ie",
        "first_name": "Fake",
        "last_name": "Name",
        "email": "fakename5@databasis.ie",
        "is_staff": false,
        "is_active": true,
        "date_joined": "2016-12-06T09:22:11.468Z",
        "groups": [],
        "user_permissions": []
    }
},
{
    "model": "accounts.stripedetail",
    "pk": 1,
    "fields": {
        "user_id": [
            "maria.m.hynes@gmail.com"
        ],
        "stripe_id": "cus_9fkQoL7gw7mxlK",
        "date_created": "2016-12-02T21:51:19.246Z"
    }
},
{
    "model": "accounts.stripedetail",
    "pk": 2,
    "fields": {
        "user_id": [
            "fakename3@databasis.ie"
        ],
        "stripe_id": "cus_9h3TKj1UaXJQW0",
        "date_created": "2016-12-06T09:35:55.859Z"
    }
},
{
    "model": "assets.asset",
    "pk": 1,
    "fields": {
        "asset_display_name": "Lissaniska",
        "asset_type": 1,
        "sharing_with_other_owners": true,
        "sharing_start_date": "2015-02-01",
        "slot_duration_unit": 1,
        "number_of_slot_units": 2,
        "date_created": "2016-10-10T20:40:25Z",
        "image": "asset_images/1_lissaniska.jpg"
    }
},
{
    "model": "assets.asset",
    "pk": 2,
    "fields": {
        "asset_display_name": "Le Rouret",
        "asset_type": 1,
        "sharing_with_other_owners": false,
        "sharing_start_date": "2016-01-01",
        "slot_duration_unit": 2,
        "number_of_slot_units": 1,
        "date_created": "2016-10-10T20:44:00Z",
        "image": "asset_images/2_le_rouret.jpg"
    }
},
{
    "model": "assets.asset",
    "pk": 3,
    "fields": {
        "asset_display_name": "Moving Van",
        "asset_type": 2,
        "sharing_with_other_owners": false,
        "sharing_start_date": "2016-12-01",
        "slot_duration_unit": 3,
        "number_of_slot_units": 1,
        "date_created": "2016-12-02T22:05:40Z",
        "image": "asset_images/3_moving_van.jpg"
    }
},
{
    "model": "assets.asset_user_mapping",
    "pk": 1,
    "fields": {
        "user_ID": [
            "maria.m.hynes@gmail.com"
        ],
        "asset_ID": 1,
        "is_owner": false,
        "position_in_rotation": 0,
        "date_created": "2016-10-10T20:44:37.458Z",
        "is_activated": true,
        "date_activated": "2016-10-10T20:44:31Z",
        "inviter": [
            "david.hynes@gmail.com"
        ]
    }
},
{
    "model": "assets.asset_user_mapping",
    "pk": 2,
    "fields": {
        "user_ID": [
            "maria.m.hynes@gmail.com"
        ],
        "asset_ID": 2,
        "is_owner": false,
        "position_in_rotation": 0,
        "date_created": "2016-10-10T20:44:54.026Z",
        "is_activated": true,
        "date_activated": "2016-10-10T20:44:51Z",
        "inviter": [
            "ann.hynes@gmail.com"
        ]
    }
},
{
    "model": "assets.asset_user_mapping",
    "pk": 3,
    "fields": {
        "user_ID": [
            "david.hynes@gmail.com"
        ],
        "asset_ID": 1,
        "is_owner": true,
        "position_in_rotation": 2,
        "date_created": "2016-10-11T09:42:29Z",
        "is_activated": true,
        "date_activated": "2016-10-11T09:42:24Z",
        "inviter": [
            "david.hynes@gmail.com"
        ]
    }
},
{
    "model": "assets.asset_user_mapping",
    "pk": 4,
    "fields": {
        "user_ID": [
            "maria@databasis.ie"
        ],
        "asset_ID": 2,
        "is_owner": false,
        "position_in_rotation": 0,
        "date_created": "2016-10-11T20:18:39Z",
        "is_activated": true,
        "date_activated": "2016-10-11T20:18:31Z",
        "inviter": [
            "lara.hynes@gmail.com"
        ]
    }
},
{
    "model": "assets.asset_user_mapping",
    "pk": 5,
    "fields": {
        "user_ID": [
            "brendan.hynes@gmail.com"
        ],
        "asset_ID": 1,
        "is_owner": true,
        "position_in_rotation": 1,
        "date_created": "2016-10-18T19:20:33Z",
        "is_activated": true,
        "date_activated": null,
        "inviter": [
            "brendan.hynes@gmail.com"
        ]
    }
},
{
    "model": "assets.asset_user_mapping",
    "pk": 6,
    "fields": {
        "user_ID": [
            "eddie.hynes@gmail.com"
        ],
        "asset_ID": 1,
        "is_owner": true,
        "position_in_rotation": 4,
        "date_created": "2016-10-18T19:21:11Z",
        "is_activated": true,
        "date_activated": null,
        "inviter": [
            "eddie.hynes@gmail.com"
        ]
    }
},
{
    "model": "assets.asset_user_mapping",
    "pk": 7,
    "fields": {
        "user_ID": [
            "darragh.hynes@gmail.com"
        ],
        "asset_ID": 1,
        "is_owner": true,
        "position_in_rotation": 5,
        "date_created": "2016-10-18T19:21:27Z",
        "is_activated": true,
        "date_activated": null,
        "inviter": [
            "darragh.hynes@gmail.com"
        ]
    }
},
{
    "model": "assets.asset_user_mapping",
    "pk": 8,
    "fields": {
        "user_ID": [
            "eoghan.hynes@gmail.com"
        ],
        "asset_ID": 1,
        "is_owner": true,
        "position_in_rotation": 3,
        "date_created": "2016-10-18T19:21:48Z",
        "is_activated": true,
        "date_activated": null,
        "inviter": [
            "eoghan.hynes@gmail.com"
        ]
    }
},
{
    "model": "assets.asset_user_mapping",
    "pk": 15,
    "fields": {
        "user_ID": [
            "fakename@databasis.ie"
        ],
        "asset_ID": 1,
        "is_owner": false,
        "position_in_rotation": 0,
        "date_created": "2016-11-18T21:26:01.385Z",
        "is_activated": true,
        "date_activated": "2016-11-18T21:26:01Z",
        "inviter": [
            "david.hynes@gmail.com"
        ]
    }
},
{
    "model": "assets.asset_user_mapping",
    "pk": 16,
    "fields": {
        "user_ID": [
            "fakename@databasis.ie"
        ],
        "asset_ID": 2,
        "is_owner": false,
        "position_in_rotation": 0,
        "date_created": "2016-11-18T21:36:26.112Z",
        "is_activated": true,
        "date_activated": "2016-11-18T21:36:26Z",
        "inviter": [
            "ann.hynes@gmail.com"
        ]
    }
},
{
    "model": "assets.asset_user_mapping",
    "pk": 17,
    "fields": {
        "user_ID": [
            "david.hynes@gmail.com"
        ],
        "asset_ID": 2,
        "is_owner": false,
        "position_in_rotation": 0,
        "date_created": "2016-11-18T21:53:00.203Z",
        "is_activated": true,
        "date_activated": "2016-11-18T21:53:00Z",
        "inviter": [
            "ann.hynes@gmail.com"
        ]
    }
},
{
    "model": "assets.asset_user_mapping",
    "pk": 18,
    "fields": {
        "user_ID": [
            "ann.hynes@gmail.com"
        ],
        "asset_ID": 2,
        "is_owner": true,
        "position_in_rotation": 1,
        "date_created": "2016-11-18T21:54:56.237Z",
        "is_activated": true,
        "date_activated": "2016-11-18T21:54:56Z",
        "inviter": [
            "ann.hynes@gmail.com"
        ]
    }
},
{
    "model": "assets.asset_user_mapping",
    "pk": 19,
    "fields": {
        "user_ID": [
            "lara.hynes@gmail.com"
        ],
        "asset_ID": 2,
        "is_owner": true,
        "position_in_rotation": 2,
        "date_created": "2016-11-18T22:00:07Z",
        "is_activated": true,
        "date_activated": null,
        "inviter": [
            "lara.hynes@gmail.com"
        ]
    }
},
{
    "model": "assets.asset_user_mapping",
    "pk": 20,
    "fields": {
        "user_ID": [
            "maria.m.hynes@gmail.com"
        ],
        "asset_ID": 3,
        "is_owner": false,
        "position_in_rotation": 0,
        "date_created": "2016-12-02T22:06:41Z",
        "is_activated": true,
        "date_activated": "2016-12-02T22:07:05Z",
        "inviter": [
            "fakename@databasis.ie"
        ]
    }
},
{
    "model": "assets.asset_user_mapping",
    "pk": 21,
    "fields": {
        "user_ID": [
            "fakename@databasis.ie"
        ],
        "asset_ID": 3,
        "is_owner": true,
        "position_in_rotation": 1,
        "date_created": "2016-12-02T22:07:20Z",
        "is_activated": true,
        "date_activated": "2016-12-02T22:07:32Z",
        "inviter": [
            "fakename@databasis.ie"
        ]
    }
},
{
    "model": "assets.asset_user_mapping",
    "pk": 22,
    "fields": {
        "user_ID": [
            "fakename3@databasis.ie"
        ],
        "asset_ID": 2,
        "is_owner": false,
        "position_in_rotation": 0,
        "date_created": "2016-12-06T08:52:15.700Z",
        "is_activated": true,
        "date_activated": "2016-12-06T08:52:15Z",
        "inviter": [
            "ann.hynes@gmail.com"
        ]
    }
},
{
    "model": "assets.assettype",
    "pk": 1,
    "fields": {
        "asset_type": "Property"
    }
},
{
    "model": "assets.assettype",
    "pk": 2,
    "fields": {
        "asset_type": "Vehicle"
    }
},
{
    "model": "assets.durationtype",
    "pk": 1,
    "fields": {
        "duration_type": "Week"
    }
},
{
    "model": "assets.durationtype",
    "pk": 2,
    "fields": {
        "duration_type": "Month"
    }
},
{
    "model": "assets.durationtype",
    "pk": 3,
    "fields": {
        "duration_type": "One Owner"
    }
},
{
    "model": "bookings.booking",
    "pk": 1,
    "fields": {
        "asset_ID": 1,
        "requested_by_user_ID": [
            "maria.m.hynes@gmail.com"
        ],
        "deposit_paid": false,
        "date_created": "2016-10-15T20:34:32.052Z"
    }
},
{
    "model": "bookings.booking",
    "pk": 2,
    "fields": {
        "asset_ID": 1,
        "requested_by_user_ID": [
            "maria.m.hynes@gmail.com"
        ],
        "deposit_paid": false,
        "date_created": "2016-10-15T20:34:32.052Z"
    }
},
{
    "model": "bookings.booking",
    "pk": 3,
    "fields": {
        "asset_ID": 1,
        "requested_by_user_ID": [
            "maria.m.hynes@gmail.com"
        ],
        "deposit_paid": false,
        "date_created": "2016-10-15T20:37:54.476Z"
    }
},
{
    "model": "bookings.booking",
    "pk": 4,
    "fields": {
        "asset_ID": 1,
        "requested_by_user_ID": [
            "maria.m.hynes@gmail.com"
        ],
        "deposit_paid": false,
        "date_created": "2016-10-15T20:43:42.467Z"
    }
},
{
    "model": "bookings.booking",
    "pk": 5,
    "fields": {
        "asset_ID": 2,
        "requested_by_user_ID": [
            "maria.m.hynes@gmail.com"
        ],
        "deposit_paid": false,
        "date_created": "2016-10-16T19:53:36Z"
    }
},
{
    "model": "bookings.booking",
    "pk": 20,
    "fields": {
        "asset_ID": 1,
        "requested_by_user_ID": [
            "maria.m.hynes@gmail.com"
        ],
        "deposit_paid": false,
        "date_created": "2016-11-22T22:34:14.730Z"
    }
},
{
    "model": "bookings.booking",
    "pk": 21,
    "fields": {
        "asset_ID": 1,
        "requested_by_user_ID": [
            "lara.hynes@gmail.com"
        ],
        "deposit_paid": false,
        "date_created": "2016-11-23T23:54:42.394Z"
    }
},
{
    "model": "bookings.booking",
    "pk": 22,
    "fields": {
        "asset_ID": 1,
        "requested_by_user_ID": [
            "maria.m.hynes@gmail.com"
        ],
        "deposit_paid": false,
        "date_created": "2016-11-26T16:07:41.044Z"
    }
},
{
    "model": "bookings.booking",
    "pk": 36,
    "fields": {
        "asset_ID": 1,
        "requested_by_user_ID": [
            "maria.m.hynes@gmail.com"
        ],
        "deposit_paid": false,
        "date_created": "2016-11-26T17:54:55.113Z"
    }
},
{
    "model": "bookings.booking",
    "pk": 43,
    "fields": {
        "asset_ID": 1,
        "requested_by_user_ID": [
            "david.hynes@gmail.com"
        ],
        "deposit_paid": false,
        "date_created": "2016-11-26T18:41:57.838Z"
    }
},
{
    "model": "bookings.booking",
    "pk": 44,
    "fields": {
        "asset_ID": 1,
        "requested_by_user_ID": [
            "maria.m.hynes@gmail.com"
        ],
        "deposit_paid": false,
        "date_created": "2016-11-27T23:00:31.327Z"
    }
},
{
    "model": "bookings.booking",
    "pk": 46,
    "fields": {
        "asset_ID": 1,
        "requested_by_user_ID": [
            "maria.m.hynes@gmail.com"
        ],
        "deposit_paid": false,
        "date_created": "2016-12-01T20:50:18.123Z"
    }
},
{
    "model": "bookings.booking",
    "pk": 47,
    "fields": {
        "asset_ID": 1,
        "requested_by_user_ID": [
            "maria.m.hynes@gmail.com"
        ],
        "deposit_paid": false,
        "date_created": "2016-12-01T20:50:18.123Z"
    }
},
{
    "model": "bookings.booking",
    "pk": 52,
    "fields": {
        "asset_ID": 1,
        "requested_by_user_ID": [
            "maria.m.hynes@gmail.com"
        ],
        "deposit_paid": false,
        "date_created": "2016-11-26T17:54:55.113Z"
    }
},
{
    "model": "bookings.booking",
    "pk": 53,
    "fields": {
        "asset_ID": 1,
        "requested_by_user_ID": [
            "maria.m.hynes@gmail.com"
        ],
        "deposit_paid": false,
        "date_created": "2016-11-22T22:34:14.730Z"
    }
},
{
    "model": "bookings.booking",
    "pk": 58,
    "fields": {
        "asset_ID": 3,
        "requested_by_user_ID": [
            "maria.m.hynes@gmail.com"
        ],
        "deposit_paid": false,
        "date_created": "2016-12-02T22:34:03.791Z"
    }
},
{
    "model": "bookings.booking",
    "pk": 59,
    "fields": {
        "asset_ID": 3,
        "requested_by_user_ID": [
            "maria.m.hynes@gmail.com"
        ],
        "deposit_paid": false,
        "date_created": "2016-12-02T22:34:03.791Z"
    }
},
{
    "model": "bookings.booking",
    "pk": 61,
    "fields": {
        "asset_ID": 2,
        "requested_by_user_ID": [
            "fakename3@databasis.ie"
        ],
        "deposit_paid": false,
        "date_created": "2016-12-06T09:37:13.137Z"
    }
},
{
    "model": "bookings.booking",
    "pk": 64,
    "fields": {
        "asset_ID": 1,
        "requested_by_user_ID": [
            "maria.m.hynes@gmail.com"
        ],
        "deposit_paid": false,
        "date_created": "2016-12-06T21:41:36.092Z"
    }
},
{
    "model": "bookings.booking",
    "pk": 65,
    "fields": {
        "asset_ID": 1,
        "requested_by_user_ID": [
            "maria.m.hynes@gmail.com"
        ],
        "deposit_paid": false,
        "date_created": "2016-12-06T21:42:44.798Z"
    }
},
{
    "model": "bookings.booking",
    "pk": 67,
    "fields": {
        "asset_ID": 1,
        "requested_by_user_ID": [
            "maria.m.hynes@gmail.com"
        ],
        "deposit_paid": false,
        "date_created": "2016-12-10T23:45:33.209Z"
    }
},
{
    "model": "bookings.booking",
    "pk": 68,
    "fields": {
        "asset_ID": 3,
        "requested_by_user_ID": [
            "maria.m.hynes@gmail.com"
        ],
        "deposit_paid": false,
        "date_created": "2016-12-10T23:56:40.870Z"
    }
},
{
    "model": "bookings.booking",
    "pk": 69,
    "fields": {
        "asset_ID": 2,
        "requested_by_user_ID": [
            "maria.m.hynes@gmail.com"
        ],
        "deposit_paid": false,
        "date_created": "2016-12-11T00:07:47.447Z"
    }
},
{
    "model": "bookings.booking",
    "pk": 70,
    "fields": {
        "asset_ID": 3,
        "requested_by_user_ID": [
            "maria.m.hynes@gmail.com"
        ],
        "deposit_paid": false,
        "date_created": "2016-12-11T16:01:57.102Z"
    }
},
{
    "model": "bookings.bookingdetail",
    "pk": 2,
    "fields": {
        "booking_id": 3,
        "slot_owner_id": [
            "david.hynes@gmail.com"
        ],
        "booking_date": "2016-11-28",
        "date_created": "2016-11-22T15:30:05.099Z",
        "is_confirmed": false,
        "date_confirmed": null,
        "is_pending": true,
        "is_approved": false,
        "date_approved": null,
        "is_denied": false,
        "date_denied": null
    }
},
{
    "model": "bookings.bookingdetail",
    "pk": 3,
    "fields": {
        "booking_id": 3,
        "slot_owner_id": [
            "david.hynes@gmail.com"
        ],
        "booking_date": "2016-11-29",
        "date_created": "2016-11-22T15:30:05.099Z",
        "is_confirmed": true,
        "date_confirmed": null,
        "is_pending": true,
        "is_approved": false,
        "date_approved": null,
        "is_denied": false,
        "date_denied": null
    }
},
{
    "model": "bookings.bookingdetail",
    "pk": 5,
    "fields": {
        "booking_id": 5,
        "slot_owner_id": [
            "ann.hynes@gmail.com"
        ],
        "booking_date": "2016-11-28",
        "date_created": "2016-11-22T15:30:05.099Z",
        "is_confirmed": false,
        "date_confirmed": null,
        "is_pending": true,
        "is_approved": false,
        "date_approved": null,
        "is_denied": false,
        "date_denied": null
    }
},
{
    "model": "bookings.bookingdetail",
    "pk": 6,
    "fields": {
        "booking_id": 4,
        "slot_owner_id": [
            "eoghan.hynes@gmail.com"
        ],
        "booking_date": "2016-12-01",
        "date_created": "2016-11-22T15:30:05.099Z",
        "is_confirmed": false,
        "date_confirmed": null,
        "is_pending": true,
        "is_approved": false,
        "date_approved": null,
        "is_denied": false,
        "date_denied": null
    }
},
{
    "model": "bookings.bookingdetail",
    "pk": 90,
    "fields": {
        "booking_id": 20,
        "slot_owner_id": [
            "eoghan.hynes@gmail.com"
        ],
        "booking_date": "2016-12-02",
        "date_created": "2016-11-22T22:34:14.853Z",
        "is_confirmed": false,
        "date_confirmed": null,
        "is_pending": true,
        "is_approved": false,
        "date_approved": null,
        "is_denied": false,
        "date_denied": null
    }
},
{
    "model": "bookings.bookingdetail",
    "pk": 93,
    "fields": {
        "booking_id": 53,
        "slot_owner_id": [
            "eddie.hynes@gmail.com"
        ],
        "booking_date": "2016-12-04",
        "date_created": "2016-11-22T22:34:15.118Z",
        "is_confirmed": false,
        "date_confirmed": null,
        "is_pending": true,
        "is_approved": false,
        "date_approved": null,
        "is_denied": false,
        "date_denied": null
    }
},
{
    "model": "bookings.bookingdetail",
    "pk": 94,
    "fields": {
        "booking_id": 21,
        "slot_owner_id": [
            "darragh.hynes@gmail.com"
        ],
        "booking_date": "2016-12-28",
        "date_created": "2016-11-23T23:54:42.485Z",
        "is_confirmed": false,
        "date_confirmed": null,
        "is_pending": true,
        "is_approved": false,
        "date_approved": null,
        "is_denied": false,
        "date_denied": null
    }
},
{
    "model": "bookings.bookingdetail",
    "pk": 95,
    "fields": {
        "booking_id": 21,
        "slot_owner_id": [
            "darragh.hynes@gmail.com"
        ],
        "booking_date": "2016-12-29",
        "date_created": "2016-11-23T23:54:42.546Z",
        "is_confirmed": false,
        "date_confirmed": null,
        "is_pending": true,
        "is_approved": false,
        "date_approved": null,
        "is_denied": false,
        "date_denied": null
    }
},
{
    "model": "bookings.bookingdetail",
    "pk": 205,
    "fields": {
        "booking_id": 52,
        "slot_owner_id": [
            "brendan.hynes@gmail.com"
        ],
        "booking_date": "2017-01-06",
        "date_created": "2016-11-26T17:54:55.668Z",
        "is_confirmed": false,
        "date_confirmed": null,
        "is_pending": true,
        "is_approved": false,
        "date_approved": null,
        "is_denied": false,
        "date_denied": null
    }
},
{
    "model": "bookings.bookingdetail",
    "pk": 206,
    "fields": {
        "booking_id": 52,
        "slot_owner_id": [
            "brendan.hynes@gmail.com"
        ],
        "booking_date": "2017-01-07",
        "date_created": "2016-11-26T17:54:55.767Z",
        "is_confirmed": false,
        "date_confirmed": null,
        "is_pending": true,
        "is_approved": false,
        "date_approved": null,
        "is_denied": false,
        "date_denied": null
    }
},
{
    "model": "bookings.bookingdetail",
    "pk": 244,
    "fields": {
        "booking_id": 43,
        "slot_owner_id": [
            "brendan.hynes@gmail.com"
        ],
        "booking_date": "2017-01-13",
        "date_created": "2016-11-26T18:41:57.991Z",
        "is_confirmed": false,
        "date_confirmed": null,
        "is_pending": true,
        "is_approved": false,
        "date_approved": null,
        "is_denied": false,
        "date_denied": null
    }
},
{
    "model": "bookings.bookingdetail",
    "pk": 245,
    "fields": {
        "booking_id": 43,
        "slot_owner_id": [
            "brendan.hynes@gmail.com"
        ],
        "booking_date": "2017-01-14",
        "date_created": "2016-11-26T18:41:58.063Z",
        "is_confirmed": false,
        "date_confirmed": null,
        "is_pending": true,
        "is_approved": false,
        "date_approved": null,
        "is_denied": false,
        "date_denied": null
    }
},
{
    "model": "bookings.bookingdetail",
    "pk": 246,
    "fields": {
        "booking_id": 43,
        "slot_owner_id": [
            "david.hynes@gmail.com"
        ],
        "booking_date": "2017-01-15",
        "date_created": "2016-11-26T18:41:58.124Z",
        "is_confirmed": false,
        "date_confirmed": null,
        "is_pending": false,
        "is_approved": true,
        "date_approved": "2016-11-26T18:41:58.124Z",
        "is_denied": false,
        "date_denied": null
    }
},
{
    "model": "bookings.bookingdetail",
    "pk": 247,
    "fields": {
        "booking_id": 43,
        "slot_owner_id": [
            "david.hynes@gmail.com"
        ],
        "booking_date": "2017-01-16",
        "date_created": "2016-11-26T18:41:58.180Z",
        "is_confirmed": false,
        "date_confirmed": null,
        "is_pending": false,
        "is_approved": true,
        "date_approved": "2016-11-26T18:41:58.180Z",
        "is_denied": false,
        "date_denied": null
    }
},
{
    "model": "bookings.bookingdetail",
    "pk": 248,
    "fields": {
        "booking_id": 43,
        "slot_owner_id": [
            "david.hynes@gmail.com"
        ],
        "booking_date": "2017-01-17",
        "date_created": "2016-11-26T18:41:58.283Z",
        "is_confirmed": false,
        "date_confirmed": null,
        "is_pending": false,
        "is_approved": true,
        "date_approved": "2016-11-26T18:41:58.282Z",
        "is_denied": false,
        "date_denied": null
    }
},
{
    "model": "bookings.bookingdetail",
    "pk": 249,
    "fields": {
        "booking_id": 43,
        "slot_owner_id": [
            "david.hynes@gmail.com"
        ],
        "booking_date": "2017-01-18",
        "date_created": "2016-11-26T18:41:58.382Z",
        "is_confirmed": false,
        "date_confirmed": null,
        "is_pending": false,
        "is_approved": true,
        "date_approved": "2016-11-26T18:41:58.382Z",
        "is_denied": false,
        "date_denied": null
    }
},
{
    "model": "bookings.bookingdetail",
    "pk": 250,
    "fields": {
        "booking_id": 44,
        "slot_owner_id": [
            "david.hynes@gmail.com"
        ],
        "booking_date": "2017-01-22",
        "date_created": "2016-11-27T23:00:31.420Z",
        "is_confirmed": true,
        "date_confirmed": "2016-12-01T19:11:07.770Z",
        "is_pending": false,
        "is_approved": true,
        "date_approved": "2016-11-30T21:26:52.075Z",
        "is_denied": false,
        "date_denied": null
    }
},
{
    "model": "bookings.bookingdetail",
    "pk": 251,
    "fields": {
        "booking_id": 44,
        "slot_owner_id": [
            "david.hynes@gmail.com"
        ],
        "booking_date": "2017-01-23",
        "date_created": "2016-11-27T23:00:31.488Z",
        "is_confirmed": true,
        "date_confirmed": "2016-12-01T19:11:07.770Z",
        "is_pending": false,
        "is_approved": true,
        "date_approved": "2016-11-30T21:26:52.075Z",
        "is_denied": false,
        "date_denied": null
    }
},
{
    "model": "bookings.bookingdetail",
    "pk": 257,
    "fields": {
        "booking_id": 46,
        "slot_owner_id": [
            "david.hynes@gmail.com"
        ],
        "booking_date": "2017-03-26",
        "date_created": "2016-12-01T20:50:18.207Z",
        "is_confirmed": true,
        "date_confirmed": "2016-12-01T21:17:07.992Z",
        "is_pending": false,
        "is_approved": false,
        "date_approved": "2016-12-01T21:16:21.759Z",
        "is_denied": false,
        "date_denied": null
    }
},
{
    "model": "bookings.bookingdetail",
    "pk": 258,
    "fields": {
        "booking_id": 46,
        "slot_owner_id": [
            "david.hynes@gmail.com"
        ],
        "booking_date": "2017-03-27",
        "date_created": "2016-12-01T20:50:18.279Z",
        "is_confirmed": true,
        "date_confirmed": "2016-12-01T21:17:07.992Z",
        "is_pending": false,
        "is_approved": false,
        "date_approved": "2016-12-01T21:16:21.759Z",
        "is_denied": false,
        "date_denied": null
    }
},
{
    "model": "bookings.bookingdetail",
    "pk": 260,
    "fields": {
        "booking_id": 47,
        "slot_owner_id": [
            "david.hynes@gmail.com"
        ],
        "booking_date": "2017-03-29",
        "date_created": "2016-12-01T20:50:18.421Z",
        "is_confirmed": true,
        "date_confirmed": "2016-12-01T21:17:07.992Z",
        "is_pending": false,
        "is_approved": false,
        "date_approved": "2016-12-01T21:16:21.759Z",
        "is_denied": false,
        "date_denied": null
    }
},
{
    "model": "bookings.bookingdetail",
    "pk": 261,
    "fields": {
        "booking_id": 47,
        "slot_owner_id": [
            "david.hynes@gmail.com"
        ],
        "booking_date": "2017-03-30",
        "date_created": "2016-12-01T20:50:18.494Z",
        "is_confirmed": true,
        "date_confirmed": "2016-12-01T21:17:07.992Z",
        "is_pending": false,
        "is_approved": false,
        "date_approved": "2016-12-01T21:16:21.759Z",
        "is_denied": false,
        "date_denied": null
    }
},
{
    "model": "bookings.bookingdetail",
    "pk": 292,
    "fields": {
        "booking_id": 58,
        "slot_owner_id": [
            "fakename@databasis.ie"
        ],
        "booking_date": "2016-12-16",
        "date_created": "2016-12-02T22:34:04.018Z",
        "is_confirmed": true,
        "date_confirmed": "2016-12-02T22:42:56.499Z",
        "is_pending": false,
        "is_approved": false,
        "date_approved": "2016-12-02T22:37:28.353Z",
        "is_denied": false,
        "date_denied": null
    }
},
{
    "model": "bookings.bookingdetail",
    "pk": 293,
    "fields": {
        "booking_id": 58,
        "slot_owner_id": [
            "fakename@databasis.ie"
        ],
        "booking_date": "2016-12-17",
        "date_created": "2016-12-02T22:34:04.076Z",
        "is_confirmed": true,
        "date_confirmed": "2016-12-02T22:42:56.499Z",
        "is_pending": false,
        "is_approved": false,
        "date_approved": "2016-12-02T22:37:28.353Z",
        "is_denied": false,
        "date_denied": null
    }
},
{
    "model": "bookings.bookingdetail",
    "pk": 294,
    "fields": {
        "booking_id": 58,
        "slot_owner_id": [
            "fakename@databasis.ie"
        ],
        "booking_date": "2016-12-18",
        "date_created": "2016-12-02T22:34:04.135Z",
        "is_confirmed": true,
        "date_confirmed": "2016-12-02T22:42:56.499Z",
        "is_pending": false,
        "is_approved": false,
        "date_approved": "2016-12-02T22:37:28.353Z",
        "is_denied": false,
        "date_denied": null
    }
},
{
    "model": "bookings.bookingdetail",
    "pk": 300,
    "fields": {
        "booking_id": 59,
        "slot_owner_id": [
            "fakename@databasis.ie"
        ],
        "booking_date": "2016-12-24",
        "date_created": "2016-12-02T22:34:04.582Z",
        "is_confirmed": true,
        "date_confirmed": "2016-12-02T22:42:56.499Z",
        "is_pending": false,
        "is_approved": false,
        "date_approved": "2016-12-02T22:37:28.353Z",
        "is_denied": false,
        "date_denied": null
    }
},
{
    "model": "bookings.bookingdetail",
    "pk": 301,
    "fields": {
        "booking_id": 59,
        "slot_owner_id": [
            "fakename@databasis.ie"
        ],
        "booking_date": "2016-12-25",
        "date_created": "2016-12-02T22:34:04.659Z",
        "is_confirmed": true,
        "date_confirmed": "2016-12-02T22:42:56.499Z",
        "is_pending": false,
        "is_approved": false,
        "date_approved": "2016-12-02T22:37:28.353Z",
        "is_denied": false,
        "date_denied": null
    }
},
{
    "model": "bookings.bookingdetail",
    "pk": 302,
    "fields": {
        "booking_id": 59,
        "slot_owner_id": [
            "fakename@databasis.ie"
        ],
        "booking_date": "2016-12-26",
        "date_created": "2016-12-02T22:34:04.733Z",
        "is_confirmed": true,
        "date_confirmed": "2016-12-02T22:42:56.499Z",
        "is_pending": false,
        "is_approved": false,
        "date_approved": "2016-12-02T22:37:28.353Z",
        "is_denied": false,
        "date_denied": null
    }
},
{
    "model": "bookings.bookingdetail",
    "pk": 303,
    "fields": {
        "booking_id": 59,
        "slot_owner_id": [
            "fakename@databasis.ie"
        ],
        "booking_date": "2016-12-27",
        "date_created": "2016-12-02T22:34:04.807Z",
        "is_confirmed": true,
        "date_confirmed": "2016-12-02T22:42:56.499Z",
        "is_pending": false,
        "is_approved": false,
        "date_approved": "2016-12-02T22:37:28.353Z",
        "is_denied": false,
        "date_denied": null
    }
},
{
    "model": "bookings.bookingdetail",
    "pk": 327,
    "fields": {
        "booking_id": 61,
        "slot_owner_id": [
            "lara.hynes@gmail.com"
        ],
        "booking_date": "2016-12-20",
        "date_created": "2016-12-06T09:37:13.230Z",
        "is_confirmed": false,
        "date_confirmed": null,
        "is_pending": true,
        "is_approved": false,
        "date_approved": null,
        "is_denied": false,
        "date_denied": null
    }
},
{
    "model": "bookings.bookingdetail",
    "pk": 328,
    "fields": {
        "booking_id": 61,
        "slot_owner_id": [
            "lara.hynes@gmail.com"
        ],
        "booking_date": "2016-12-21",
        "date_created": "2016-12-06T09:37:13.305Z",
        "is_confirmed": false,
        "date_confirmed": null,
        "is_pending": true,
        "is_approved": false,
        "date_approved": null,
        "is_denied": false,
        "date_denied": null
    }
},
{
    "model": "bookings.bookingdetail",
    "pk": 329,
    "fields": {
        "booking_id": 61,
        "slot_owner_id": [
            "lara.hynes@gmail.com"
        ],
        "booking_date": "2016-12-22",
        "date_created": "2016-12-06T09:37:13.451Z",
        "is_confirmed": false,
        "date_confirmed": null,
        "is_pending": true,
        "is_approved": false,
        "date_approved": null,
        "is_denied": false,
        "date_denied": null
    }
},
{
    "model": "bookings.bookingdetail",
    "pk": 423,
    "fields": {
        "booking_id": 65,
        "slot_owner_id": [
            "eddie.hynes@gmail.com"
        ],
        "booking_date": "2016-12-13",
        "date_created": "2016-12-06T21:42:44.945Z",
        "is_confirmed": false,
        "date_confirmed": null,
        "is_pending": true,
        "is_approved": false,
        "date_approved": null,
        "is_denied": false,
        "date_denied": null
    }
},
{
    "model": "bookings.bookingdetail",
    "pk": 424,
    "fields": {
        "booking_id": 65,
        "slot_owner_id": [
            "eddie.hynes@gmail.com"
        ],
        "booking_date": "2016-12-14",
        "date_created": "2016-12-06T21:42:45.011Z",
        "is_confirmed": false,
        "date_confirmed": null,
        "is_pending": true,
        "is_approved": false,
        "date_approved": null,
        "is_denied": false,
        "date_denied": null
    }
},
{
    "model": "bookings.bookingdetail",
    "pk": 425,
    "fields": {
        "booking_id": 65,
        "slot_owner_id": [
            "eddie.hynes@gmail.com"
        ],
        "booking_date": "2016-12-15",
        "date_created": "2016-12-06T21:42:45.118Z",
        "is_confirmed": false,
        "date_confirmed": null,
        "is_pending": true,
        "is_approved": false,
        "date_approved": null,
        "is_denied": false,
        "date_denied": null
    }
},
{
    "model": "bookings.bookingdetail",
    "pk": 426,
    "fields": {
        "booking_id": 65,
        "slot_owner_id": [
            "eddie.hynes@gmail.com"
        ],
        "booking_date": "2016-12-16",
        "date_created": "2016-12-06T21:42:45.212Z",
        "is_confirmed": false,
        "date_confirmed": null,
        "is_pending": true,
        "is_approved": false,
        "date_approved": null,
        "is_denied": false,
        "date_denied": null
    }
},
{
    "model": "bookings.bookingdetail",
    "pk": 427,
    "fields": {
        "booking_id": 65,
        "slot_owner_id": [
            "eddie.hynes@gmail.com"
        ],
        "booking_date": "2016-12-17",
        "date_created": "2016-12-06T21:42:45.294Z",
        "is_confirmed": false,
        "date_confirmed": null,
        "is_pending": true,
        "is_approved": false,
        "date_approved": null,
        "is_denied": false,
        "date_denied": null
    }
},
{
    "model": "bookings.bookingdetail",
    "pk": 428,
    "fields": {
        "booking_id": 65,
        "slot_owner_id": [
            "darragh.hynes@gmail.com"
        ],
        "booking_date": "2016-12-18",
        "date_created": "2016-12-06T21:42:45.411Z",
        "is_confirmed": false,
        "date_confirmed": null,
        "is_pending": true,
        "is_approved": false,
        "date_approved": null,
        "is_denied": false,
        "date_denied": null
    }
},
{
    "model": "bookings.bookingdetail",
    "pk": 429,
    "fields": {
        "booking_id": 65,
        "slot_owner_id": [
            "darragh.hynes@gmail.com"
        ],
        "booking_date": "2016-12-19",
        "date_created": "2016-12-06T21:42:45.505Z",
        "is_confirmed": false,
        "date_confirmed": null,
        "is_pending": true,
        "is_approved": false,
        "date_approved": null,
        "is_denied": false,
        "date_denied": null
    }
},
{
    "model": "bookings.bookingdetail",
    "pk": 430,
    "fields": {
        "booking_id": 65,
        "slot_owner_id": [
            "darragh.hynes@gmail.com"
        ],
        "booking_date": "2016-12-20",
        "date_created": "2016-12-06T21:42:45.595Z",
        "is_confirmed": false,
        "date_confirmed": null,
        "is_pending": true,
        "is_approved": false,
        "date_approved": null,
        "is_denied": false,
        "date_denied": null
    }
},
{
    "model": "bookings.bookingdetail",
    "pk": 803,
    "fields": {
        "booking_id": 67,
        "slot_owner_id": [
            "darragh.hynes@gmail.com"
        ],
        "booking_date": "2016-12-21",
        "date_created": "2016-12-10T23:45:33.435Z",
        "is_confirmed": false,
        "date_confirmed": null,
        "is_pending": true,
        "is_approved": false,
        "date_approved": null,
        "is_denied": false,
        "date_denied": null
    }
},
{
    "model": "bookings.bookingdetail",
    "pk": 804,
    "fields": {
        "booking_id": 67,
        "slot_owner_id": [
            "darragh.hynes@gmail.com"
        ],
        "booking_date": "2016-12-22",
        "date_created": "2016-12-10T23:45:33.511Z",
        "is_confirmed": false,
        "date_confirmed": null,
        "is_pending": true,
        "is_approved": false,
        "date_approved": null,
        "is_denied": false,
        "date_denied": null
    }
},
{
    "model": "bookings.bookingdetail",
    "pk": 805,
    "fields": {
        "booking_id": 67,
        "slot_owner_id": [
            "darragh.hynes@gmail.com"
        ],
        "booking_date": "2016-12-23",
        "date_created": "2016-12-10T23:45:33.588Z",
        "is_confirmed": false,
        "date_confirmed": null,
        "is_pending": true,
        "is_approved": false,
        "date_approved": null,
        "is_denied": false,
        "date_denied": null
    }
},
{
    "model": "bookings.bookingdetail",
    "pk": 806,
    "fields": {
        "booking_id": 67,
        "slot_owner_id": [
            "darragh.hynes@gmail.com"
        ],
        "booking_date": "2016-12-24",
        "date_created": "2016-12-10T23:45:33.653Z",
        "is_confirmed": false,
        "date_confirmed": null,
        "is_pending": true,
        "is_approved": false,
        "date_approved": null,
        "is_denied": false,
        "date_denied": null
    }
},
{
    "model": "bookings.bookingdetail",
    "pk": 807,
    "fields": {
        "booking_id": 67,
        "slot_owner_id": [
            "darragh.hynes@gmail.com"
        ],
        "booking_date": "2016-12-25",
        "date_created": "2016-12-10T23:45:33.726Z",
        "is_confirmed": false,
        "date_confirmed": null,
        "is_pending": true,
        "is_approved": false,
        "date_approved": null,
        "is_denied": false,
        "date_denied": null
    }
},
{
    "model": "bookings.bookingdetail",
    "pk": 808,
    "fields": {
        "booking_id": 67,
        "slot_owner_id": [
            "darragh.hynes@gmail.com"
        ],
        "booking_date": "2016-12-26",
        "date_created": "2016-12-10T23:45:33.800Z",
        "is_confirmed": false,
        "date_confirmed": null,
        "is_pending": true,
        "is_approved": false,
        "date_approved": null,
        "is_denied": false,
        "date_denied": null
    }
},
{
    "model": "bookings.bookingdetail",
    "pk": 809,
    "fields": {
        "booking_id": 67,
        "slot_owner_id": [
            "darragh.hynes@gmail.com"
        ],
        "booking_date": "2016-12-27",
        "date_created": "2016-12-10T23:45:33.877Z",
        "is_confirmed": false,
        "date_confirmed": null,
        "is_pending": true,
        "is_approved": false,
        "date_approved": null,
        "is_denied": false,
        "date_denied": null
    }
},
{
    "model": "bookings.bookingdetail",
    "pk": 810,
    "fields": {
        "booking_id": 68,
        "slot_owner_id": [
            "fakename@databasis.ie"
        ],
        "booking_date": "2016-12-13",
        "date_created": "2016-12-10T23:56:40.958Z",
        "is_confirmed": false,
        "date_confirmed": null,
        "is_pending": true,
        "is_approved": false,
        "date_approved": null,
        "is_denied": false,
        "date_denied": null
    }
},
{
    "model": "bookings.bookingdetail",
    "pk": 811,
    "fields": {
        "booking_id": 68,
        "slot_owner_id": [
            "fakename@databasis.ie"
        ],
        "booking_date": "2016-12-14",
        "date_created": "2016-12-10T23:56:41.067Z",
        "is_confirmed": false,
        "date_confirmed": null,
        "is_pending": true,
        "is_approved": false,
        "date_approved": null,
        "is_denied": false,
        "date_denied": null
    }
},
{
    "model": "bookings.bookingdetail",
    "pk": 812,
    "fields": {
        "booking_id": 69,
        "slot_owner_id": [
            "ann.hynes@gmail.com"
        ],
        "booking_date": "2017-01-09",
        "date_created": "2016-12-11T00:07:47.540Z",
        "is_confirmed": false,
        "date_confirmed": null,
        "is_pending": true,
        "is_approved": false,
        "date_approved": null,
        "is_denied": false,
        "date_denied": null
    }
},
{
    "model": "bookings.bookingdetail",
    "pk": 813,
    "fields": {
        "booking_id": 69,
        "slot_owner_id": [
            "ann.hynes@gmail.com"
        ],
        "booking_date": "2017-01-10",
        "date_created": "2016-12-11T00:07:47.655Z",
        "is_confirmed": false,
        "date_confirmed": null,
        "is_pending": true,
        "is_approved": false,
        "date_approved": null,
        "is_denied": false,
        "date_denied": null
    }
},
{
    "model": "bookings.bookingdetail",
    "pk": 814,
    "fields": {
        "booking_id": 69,
        "slot_owner_id": [
            "ann.hynes@gmail.com"
        ],
        "booking_date": "2017-01-11",
        "date_created": "2016-12-11T00:07:47.747Z",
        "is_confirmed": false,
        "date_confirmed": null,
        "is_pending": true,
        "is_approved": false,
        "date_approved": null,
        "is_denied": false,
        "date_denied": null
    }
},
{
    "model": "bookings.bookingdetail",
    "pk": 815,
    "fields": {
        "booking_id": 69,
        "slot_owner_id": [
            "ann.hynes@gmail.com"
        ],
        "booking_date": "2017-01-12",
        "date_created": "2016-12-11T00:07:47.839Z",
        "is_confirmed": false,
        "date_confirmed": null,
        "is_pending": true,
        "is_approved": false,
        "date_approved": null,
        "is_denied": false,
        "date_denied": null
    }
},
{
    "model": "bookings.bookingdetail",
    "pk": 816,
    "fields": {
        "booking_id": 69,
        "slot_owner_id": [
            "ann.hynes@gmail.com"
        ],
        "booking_date": "2017-01-13",
        "date_created": "2016-12-11T00:07:47.922Z",
        "is_confirmed": false,
        "date_confirmed": null,
        "is_pending": true,
        "is_approved": false,
        "date_approved": null,
        "is_denied": false,
        "date_denied": null
    }
},
{
    "model": "bookings.bookingdetail",
    "pk": 817,
    "fields": {
        "booking_id": 69,
        "slot_owner_id": [
            "ann.hynes@gmail.com"
        ],
        "booking_date": "2017-01-14",
        "date_created": "2016-12-11T00:07:48.006Z",
        "is_confirmed": false,
        "date_confirmed": null,
        "is_pending": true,
        "is_approved": false,
        "date_approved": null,
        "is_denied": false,
        "date_denied": null
    }
},
{
    "model": "bookings.bookingdetail",
    "pk": 818,
    "fields": {
        "booking_id": 69,
        "slot_owner_id": [
            "ann.hynes@gmail.com"
        ],
        "booking_date": "2017-01-15",
        "date_created": "2016-12-11T00:07:48.081Z",
        "is_confirmed": false,
        "date_confirmed": null,
        "is_pending": true,
        "is_approved": false,
        "date_approved": null,
        "is_denied": false,
        "date_denied": null
    }
},
{
    "model": "bookings.bookingdetail",
    "pk": 819,
    "fields": {
        "booking_id": 69,
        "slot_owner_id": [
            "ann.hynes@gmail.com"
        ],
        "booking_date": "2017-01-16",
        "date_created": "2016-12-11T00:07:48.156Z",
        "is_confirmed": false,
        "date_confirmed": null,
        "is_pending": true,
        "is_approved": false,
        "date_approved": null,
        "is_denied": false,
        "date_denied": null
    }
},
{
    "model": "bookings.bookingdetail",
    "pk": 820,
    "fields": {
        "booking_id": 69,
        "slot_owner_id": [
            "ann.hynes@gmail.com"
        ],
        "booking_date": "2017-01-17",
        "date_created": "2016-12-11T00:07:48.239Z",
        "is_confirmed": false,
        "date_confirmed": null,
        "is_pending": true,
        "is_approved": false,
        "date_approved": null,
        "is_denied": false,
        "date_denied": null
    }
},
{
    "model": "bookings.bookingdetail",
    "pk": 821,
    "fields": {
        "booking_id": 69,
        "slot_owner_id": [
            "ann.hynes@gmail.com"
        ],
        "booking_date": "2017-01-18",
        "date_created": "2016-12-11T00:07:48.322Z",
        "is_confirmed": false,
        "date_confirmed": null,
        "is_pending": true,
        "is_approved": false,
        "date_approved": null,
        "is_denied": false,
        "date_denied": null
    }
},
{
    "model": "bookings.bookingdetail",
    "pk": 822,
    "fields": {
        "booking_id": 69,
        "slot_owner_id": [
            "ann.hynes@gmail.com"
        ],
        "booking_date": "2017-01-19",
        "date_created": "2016-12-11T00:07:48.393Z",
        "is_confirmed": false,
        "date_confirmed": null,
        "is_pending": true,
        "is_approved": false,
        "date_approved": null,
        "is_denied": false,
        "date_denied": null
    }
},
{
    "model": "bookings.bookingdetail",
    "pk": 823,
    "fields": {
        "booking_id": 70,
        "slot_owner_id": [
            "fakename@databasis.ie"
        ],
        "booking_date": "2016-12-20",
        "date_created": "2016-12-11T16:01:57.211Z",
        "is_confirmed": false,
        "date_confirmed": null,
        "is_pending": true,
        "is_approved": false,
        "date_approved": null,
        "is_denied": false,
        "date_denied": null
    }
},
{
    "model": "blog.post",
    "pk": 1,
    "fields": {
        "author": [
            "maria.m.hynes@gmail.com"
        ],
        "asset_ID": 1,
        "title": "My First Post",
        "content": "<p>Hi guys, <strong>Lissaniska</strong> is beautiful. If you haven't been in a while, you should take some time out and visit. Oughtarard has some great places to eat and there are endless things to do all around Galways and Mayo and the beautiful Connemara. We are so lucky! What better way to wake up in the morning than looking out at the stunning, peaceful view of Lough Corrib??! Take a look at my <strong>early morning photo</strong>, amazing weather for the autumn mid-term school break. Makes you just want to go there?</p>",
        "created_date": "2016-11-12T17:35:24.492Z",
        "published_date": "2016-11-15T20:20:48.497Z",
        "last_edited_date": "2016-12-09T23:35:41.336Z",
        "num_views": 211,
        "image": "blog_images/booking.jpg"
    }
},
{
    "model": "blog.post",
    "pk": 2,
    "fields": {
        "author": [
            "maria@databasis.ie"
        ],
        "asset_ID": 2,
        "title": "David's Birthday",
        "content": "<p>We all went to Le Rouret for David's 70th birthday in August. We were there for three whole weeks! We all went to Le Rouret for David's 70th birthday in August. We were there for three whole weeks! We all went to Le Rouret for David's 70th birthday in August. We were there for three whole weeks! We all went to Le Rouret for David's 70th birthday in August. We were there for three whole weeks! We all went to Le Rouret for David's 70th birthday in August. We were there for three whole weeks! We all went to Le Rouret for David's 70th birthday in August. We were there for three whole weeks!</p>",
        "created_date": "2016-11-13T18:46:56.601Z",
        "published_date": "2016-11-13T19:15:37Z",
        "last_edited_date": null,
        "num_views": 25,
        "image": "blog_images/birthday_Ovln485.jpg"
    }
},
{
    "model": "blog.post",
    "pk": 3,
    "fields": {
        "author": [
            "maria@databasis.ie"
        ],
        "asset_ID": 2,
        "title": "Always sunny!",
        "content": "<p>It feels like it's always sunny in Le Rouret, but especially if you go there in August.</p>",
        "created_date": "2016-11-13T18:50:57.094Z",
        "published_date": "2016-11-13T18:50:57Z",
        "last_edited_date": null,
        "num_views": 6,
        "image": "blog_images/always_sunny_M6Frxuf.jpg"
    }
},
{
    "model": "blog.post",
    "pk": 4,
    "fields": {
        "author": [
            "maria.m.hynes@gmail.com"
        ],
        "asset_ID": 2,
        "title": "Christmas in Le Rouret",
        "content": "<p>I think it would be strange to be looking out at the pool and not to be able to use it. The kids would go mad! So mental note...don't go to Le Rouret in the Winter unless the kids are staying at home!</p>",
        "created_date": "2016-11-13T19:33:46.822Z",
        "published_date": "2016-11-13T19:34:12Z",
        "last_edited_date": null,
        "num_views": 12,
        "image": "blog_images/christmas_france_nzSYHP6.jpg"
    }
},
{
    "model": "blog.post",
    "pk": 9,
    "fields": {
        "author": [
            "maria.m.hynes@gmail.com"
        ],
        "asset_ID": 2,
        "title": "French Winter",
        "content": "<p>I expected it to be mainly deserted in the little village during the winter months but it was incredibly lively! The Christmas Market was full of interesting gift ideas and the Christmas lights around the square were better than anything I've seen. I&nbsp;would love to make it back next year.</p>",
        "created_date": "2016-12-07T21:03:10.741Z",
        "published_date": "2016-12-07T21:03:10.739Z",
        "last_edited_date": "2016-12-09T23:40:51.821Z",
        "num_views": 30,
        "image": ""
    }
},
{
    "model": "blog.post",
    "pk": 10,
    "fields": {
        "author": [
            "maria.m.hynes@gmail.com"
        ],
        "asset_ID": 2,
        "title": "Craft Fairs & Markets",
        "content": "<p>I was surprised at the wide variety of craft fairs around Provence. I don't know why now, why I should be surprised. I guess, in my narrow way, I thought that <strong>Ireland </strong>had cornered the market on craftiness.</p>",
        "created_date": "2016-12-07T22:04:59.987Z",
        "published_date": "2016-12-07T22:04:59Z",
        "last_edited_date": "2016-12-11T16:48:33.043Z",
        "num_views": 46,
        "image": "blog_images/craft_fair_AN2wL1X.jpg"
    }
},
{
    "model": "forum.subject",
    "pk": 1,
    "fields": {
        "name": "Eating Out",
        "asset_id": 1,
        "description": "<p>Please let us know where you ate out while on holidays. Good or bad, please share your experiences!</p>",
        "image": "forum_images/eating_out_ireland.jpg"
    }
},
{
    "model": "forum.subject",
    "pk": 2,
    "fields": {
        "name": "Family Days",
        "asset_id": 1,
        "description": "<p>Family-friendly places to visit</p>",
        "image": "forum_images/things_to_do_ireland.jpg"
    }
},
{
    "model": "forum.subject",
    "pk": 3,
    "fields": {
        "name": "Shopping",
        "asset_id": 2,
        "description": "<p>From food to fashion...where would <strong>you</strong> recommend?</p>",
        "image": "forum_images/shopping_france_hPws93N.jpg"
    }
},
{
    "model": "forum.subject",
    "pk": 4,
    "fields": {
        "name": "Eating Out",
        "asset_id": 2,
        "description": "<p>Please add your recommendations for good places to eat or even places to avoid!</p>",
        "image": "forum_images/eating_out_france.jpg"
    }
},
{
    "model": "forum.subject",
    "pk": 5,
    "fields": {
        "name": "Days Out",
        "asset_id": 2,
        "description": "<p>Anyone care to mention where and what they would recommend to do for a family-day out?!</p>",
        "image": "forum_images/things_to_france.jpg"
    }
},
{
    "model": "forum.subject",
    "pk": 6,
    "fields": {
        "name": "Log Book",
        "asset_id": 3,
        "description": "<p>Hey! Any issues with the Blue Monster, please share here.</p>",
        "image": "forum_images/car_maintenance.jpg"
    }
},
{
    "model": "forum.subject",
    "pk": 7,
    "fields": {
        "name": "Shopping",
        "asset_id": 1,
        "description": "<p>Always helpful to hear some advice on where best to buy your groceries. Thoughts anyone?</p>",
        "image": "forum_images/shopping_ireland.jpg"
    }
},
{
    "model": "forum.thread",
    "pk": 1,
    "fields": {
        "name": "The Lake Hotel",
        "user": [
            "maria.m.hynes@gmail.com"
        ],
        "subject": 1,
        "created_at": "2016-11-15T20:55:19.968Z",
        "num_views": 42
    }
},
{
    "model": "forum.thread",
    "pk": 8,
    "fields": {
        "name": "Powers",
        "user": [
            "maria.m.hynes@gmail.com"
        ],
        "subject": 1,
        "created_at": "2016-11-16T12:00:25.202Z",
        "num_views": 41
    }
},
{
    "model": "forum.thread",
    "pk": 10,
    "fields": {
        "name": "The Greenway Cafe",
        "user": [
            "maria.m.hynes@gmail.com"
        ],
        "subject": 1,
        "created_at": "2016-11-16T12:29:22.233Z",
        "num_views": 18
    }
},
{
    "model": "forum.thread",
    "pk": 11,
    "fields": {
        "name": "The White Gables",
        "user": [
            "maria.m.hynes@gmail.com"
        ],
        "subject": 1,
        "created_at": "2016-11-16T16:15:25.276Z",
        "num_views": 2
    }
},
{
    "model": "forum.thread",
    "pk": 12,
    "fields": {
        "name": "Flannery's",
        "user": [
            "maria.m.hynes@gmail.com"
        ],
        "subject": 1,
        "created_at": "2016-11-16T16:17:31.034Z",
        "num_views": 1
    }
},
{
    "model": "forum.thread",
    "pk": 13,
    "fields": {
        "name": "SuperMacs",
        "user": [
            "fakename@databasis.ie"
        ],
        "subject": 1,
        "created_at": "2016-12-06T23:45:54.221Z",
        "num_views": 1
    }
},
{
    "model": "forum.thread",
    "pk": 14,
    "fields": {
        "name": "The Bistro",
        "user": [
            "fakename3@databasis.ie"
        ],
        "subject": 3,
        "created_at": "2016-12-07T22:07:18.663Z",
        "num_views": 82
    }
},
{
    "model": "forum.thread",
    "pk": 15,
    "fields": {
        "name": "La Boheme",
        "user": [
            "fakename3@databasis.ie"
        ],
        "subject": 3,
        "created_at": "2016-12-07T22:10:20.435Z",
        "num_views": 20
    }
},
{
    "model": "forum.thread",
    "pk": 16,
    "fields": {
        "name": "Pearly Whites",
        "user": [
            "fakename3@databasis.ie"
        ],
        "subject": 3,
        "created_at": "2016-12-07T22:15:30.434Z",
        "num_views": 17
    }
},
{
    "model": "forum.thread",
    "pk": 17,
    "fields": {
        "name": "Casino",
        "user": [
            "maria.m.hynes@gmail.com"
        ],
        "subject": 3,
        "created_at": "2016-12-09T20:28:20.796Z",
        "num_views": 2
    }
},
{
    "model": "forum.thread",
    "pk": 18,
    "fields": {
        "name": "InterMarche",
        "user": [
            "maria.m.hynes@gmail.com"
        ],
        "subject": 3,
        "created_at": "2016-12-09T20:41:28.202Z",
        "num_views": 1
    }
},
{
    "model": "forum.thread",
    "pk": 19,
    "fields": {
        "name": "Londis",
        "user": [
            "maria.m.hynes@gmail.com"
        ],
        "subject": 7,
        "created_at": "2016-12-09T23:57:00.968Z",
        "num_views": 3
    }
},
{
    "model": "forum.post",
    "pk": 1,
    "fields": {
        "thread": 1,
        "comment": "Very cozy",
        "user": [
            "maria.m.hynes@gmail.com"
        ],
        "created_at": "2016-11-15T20:55:19.968Z"
    }
},
{
    "model": "forum.post",
    "pk": 10,
    "fields": {
        "thread": 10,
        "comment": "<p>I like this place for breakfast. It's small and can be a little cold (the place, not the food!). I am not the biggest fan of the coffee, but if you are a coffee-connoisseur you may very well like it!</p>",
        "user": [
            "maria.m.hynes@gmail.com"
        ],
        "created_at": "2016-11-16T12:29:22.234Z"
    }
},
{
    "model": "forum.post",
    "pk": 14,
    "fields": {
        "thread": 8,
        "comment": "<p>We ate here for breakfast <em>twice</em> on the last holiday. It is great for kids, great value and is warm and cozy. The have free coffee refills which is always nice!</p>",
        "user": [
            "maria.m.hynes@gmail.com"
        ],
        "created_at": "2016-11-16T16:06:30.548Z"
    }
},
{
    "model": "forum.post",
    "pk": 16,
    "fields": {
        "thread": 11,
        "comment": "<p>It's been a while since we ate in the restaurant but we have eaten in the cafe part. Don't let your eyes trick you into ordering a cake <em>each</em>!</p>",
        "user": [
            "maria.m.hynes@gmail.com"
        ],
        "created_at": "2016-11-16T16:15:25.277Z"
    }
},
{
    "model": "forum.post",
    "pk": 17,
    "fields": {
        "thread": 12,
        "comment": "<p>Got a delicious panini here at lunchtime.</p>",
        "user": [
            "maria.m.hynes@gmail.com"
        ],
        "created_at": "2016-11-16T16:17:31.034Z"
    }
},
{
    "model": "forum.post",
    "pk": 18,
    "fields": {
        "thread": 13,
        "comment": "<p>Good 'ol SuperMacs. I have never eaten there.</p>",
        "user": [
            "fakename@databasis.ie"
        ],
        "created_at": "2016-12-06T23:45:54.221Z"
    }
},
{
    "model": "forum.post",
    "pk": 19,
    "fields": {
        "thread": 1,
        "comment": "",
        "user": [
            "maria.m.hynes@gmail.com"
        ],
        "created_at": "2016-12-07T00:02:30.134Z"
    }
},
{
    "model": "forum.post",
    "pk": 22,
    "fields": {
        "thread": 15,
        "comment": "<p>There's a great selection of frocks in this boutique.</p>",
        "user": [
            "fakename3@databasis.ie"
        ],
        "created_at": "2016-12-07T22:10:20.436Z"
    }
},
{
    "model": "forum.post",
    "pk": 23,
    "fields": {
        "thread": 16,
        "comment": "<p>Has anyone any opinions on this place?</p>",
        "user": [
            "fakename3@databasis.ie"
        ],
        "created_at": "2016-12-07T22:15:30.434Z"
    }
},
{
    "model": "forum.post",
    "pk": 24,
    "fields": {
        "thread": 14,
        "comment": "<p>For what it's worth, this place is only great if you can't remember the details. So, go there after having a glass of wine and you'll probably like it. I just found the place too fussy and the staff made me feel that they were doing <em>me</em> a favour by serving me!</p>",
        "user": [
            "fakename3@databasis.ie"
        ],
        "created_at": "2016-12-07T22:29:48.678Z"
    }
},
{
    "model": "forum.post",
    "pk": 26,
    "fields": {
        "thread": 17,
        "comment": "<p>This would be the nearest supermarket, down in Opio. One of the good things is that there is a little pastry shop right next door!</p>",
        "user": [
            "maria.m.hynes@gmail.com"
        ],
        "created_at": "2016-12-09T20:28:20.797Z"
    }
},
{
    "model": "forum.post",
    "pk": 27,
    "fields": {
        "thread": 18,
        "comment": "<p>This store in Rochfort has been recently renovated. I would recommend this one.</p>",
        "user": [
            "maria.m.hynes@gmail.com"
        ],
        "created_at": "2016-12-09T20:41:28.202Z"
    }
},
{
    "model": "forum.post",
    "pk": 28,
    "fields": {
        "thread": 14,
        "comment": "<p>I tend to agree with that comment because I had a similar experience.</p>",
        "user": [
            "maria.m.hynes@gmail.com"
        ],
        "created_at": "2016-12-09T21:08:05.700Z"
    }
},
{
    "model": "forum.post",
    "pk": 29,
    "fields": {
        "thread": 16,
        "comment": "<p>Sorry, I don't think this place was open when I last visited. What do they sell? Dentures?!</p>",
        "user": [
            "maria.m.hynes@gmail.com"
        ],
        "created_at": "2016-12-09T21:09:20.054Z"
    }
},
{
    "model": "forum.post",
    "pk": 30,
    "fields": {
        "thread": 19,
        "comment": "<p>You can't go wrong with Londis. It has a car park for starters. You just have to drive in at speed so the kids don't see that it's right beside the playground. They have trolleys and those baskets on wheels, though it usually a nightmare to manoever them around the tiny aisles. It can be a bit crowded at the till with all the special offers in the way, but all in all I like the place. The staff were very friendly last Halloween when I went in desparate to find double-sided sticky tape.</p>",
        "user": [
            "maria.m.hynes@gmail.com"
        ],
        "created_at": "2016-12-09T23:57:00.969Z"
    }
},
{
    "model": "admin.logentry",
    "pk": 1,
    "fields": {
        "action_time": "2016-10-09T15:26:35.447Z",
        "user": [
            "maria.m.hynes@gmail.com"
        ],
        "content_type": [
            "flatpages",
            "flatpage"
        ],
        "object_id": "1",
        "object_repr": "/pages/about/ -- About Us",
        "action_flag": 1,
        "change_message": "[{\"added\": {}}]"
    }
},
{
    "model": "admin.logentry",
    "pk": 2,
    "fields": {
        "action_time": "2016-10-09T15:27:13.782Z",
        "user": [
            "maria.m.hynes@gmail.com"
        ],
        "content_type": [
            "flatpages",
            "flatpage"
        ],
        "object_id": "2",
        "object_repr": "/pages/contact/ -- Contact",
        "action_flag": 1,
        "change_message": "[{\"added\": {}}]"
    }
},
{
    "model": "admin.logentry",
    "pk": 3,
    "fields": {
        "action_time": "2016-10-09T15:27:58.999Z",
        "user": [
            "maria.m.hynes@gmail.com"
        ],
        "content_type": [
            "flatpages",
            "flatpage"
        ],
        "object_id": "3",
        "object_repr": "/pages/share/ -- Sharing",
        "action_flag": 1,
        "change_message": "[{\"added\": {}}]"
    }
},
{
    "model": "admin.logentry",
    "pk": 4,
    "fields": {
        "action_time": "2016-10-09T15:28:29.264Z",
        "user": [
            "maria.m.hynes@gmail.com"
        ],
        "content_type": [
            "flatpages",
            "flatpage"
        ],
        "object_id": "4",
        "object_repr": "/pages/login/ -- Sign In",
        "action_flag": 1,
        "change_message": "[{\"added\": {}}]"
    }
},
{
    "model": "admin.logentry",
    "pk": 5,
    "fields": {
        "action_time": "2016-10-10T20:37:47.655Z",
        "user": [
            "maria.m.hynes@gmail.com"
        ],
        "content_type": [
            "assets",
            "assettype"
        ],
        "object_id": "1",
        "object_repr": "Property",
        "action_flag": 1,
        "change_message": "[{\"added\": {}}]"
    }
},
{
    "model": "admin.logentry",
    "pk": 6,
    "fields": {
        "action_time": "2016-10-10T20:38:17.066Z",
        "user": [
            "maria.m.hynes@gmail.com"
        ],
        "content_type": [
            "assets",
            "durationtype"
        ],
        "object_id": "1",
        "object_repr": "Week",
        "action_flag": 1,
        "change_message": "[{\"added\": {}}]"
    }
},
{
    "model": "admin.logentry",
    "pk": 7,
    "fields": {
        "action_time": "2016-10-10T20:38:21.160Z",
        "user": [
            "maria.m.hynes@gmail.com"
        ],
        "content_type": [
            "assets",
            "durationtype"
        ],
        "object_id": "2",
        "object_repr": "Month",
        "action_flag": 1,
        "change_message": "[{\"added\": {}}]"
    }
},
{
    "model": "admin.logentry",
    "pk": 8,
    "fields": {
        "action_time": "2016-10-10T20:38:27.941Z",
        "user": [
            "maria.m.hynes@gmail.com"
        ],
        "content_type": [
            "assets",
            "durationtype"
        ],
        "object_id": "3",
        "object_repr": "Year",
        "action_flag": 1,
        "change_message": "[{\"added\": {}}]"
    }
},
{
    "model": "admin.logentry",
    "pk": 9,
    "fields": {
        "action_time": "2016-10-10T20:40:25.199Z",
        "user": [
            "maria.m.hynes@gmail.com"
        ],
        "content_type": [
            "assets",
            "asset"
        ],
        "object_id": "1",
        "object_repr": "Lissaniska",
        "action_flag": 1,
        "change_message": "[{\"added\": {}}]"
    }
},
{
    "model": "admin.logentry",
    "pk": 10,
    "fields": {
        "action_time": "2016-10-10T20:44:00.169Z",
        "user": [
            "maria.m.hynes@gmail.com"
        ],
        "content_type": [
            "assets",
            "asset"
        ],
        "object_id": "2",
        "object_repr": "Le Roure",
        "action_flag": 1,
        "change_message": "[{\"added\": {}}]"
    }
},
{
    "model": "admin.logentry",
    "pk": 11,
    "fields": {
        "action_time": "2016-10-10T20:44:37.486Z",
        "user": [
            "maria.m.hynes@gmail.com"
        ],
        "content_type": [
            "assets",
            "asset_user_mapping"
        ],
        "object_id": "1",
        "object_repr": "Asset_User_Mapping object",
        "action_flag": 1,
        "change_message": "[{\"added\": {}}]"
    }
},
{
    "model": "admin.logentry",
    "pk": 12,
    "fields": {
        "action_time": "2016-10-10T20:44:54.044Z",
        "user": [
            "maria.m.hynes@gmail.com"
        ],
        "content_type": [
            "assets",
            "asset_user_mapping"
        ],
        "object_id": "2",
        "object_repr": "Asset_User_Mapping object",
        "action_flag": 1,
        "change_message": "[{\"added\": {}}]"
    }
},
{
    "model": "admin.logentry",
    "pk": 13,
    "fields": {
        "action_time": "2016-10-11T09:42:29.508Z",
        "user": [
            "maria.m.hynes@gmail.com"
        ],
        "content_type": [
            "assets",
            "asset_user_mapping"
        ],
        "object_id": "3",
        "object_repr": "David Hynes | Lissaniska ",
        "action_flag": 1,
        "change_message": "[{\"added\": {}}]"
    }
},
{
    "model": "admin.logentry",
    "pk": 14,
    "fields": {
        "action_time": "2016-10-11T09:43:04.332Z",
        "user": [
            "maria.m.hynes@gmail.com"
        ],
        "content_type": [
            "bookings",
            "booking"
        ],
        "object_id": "1",
        "object_repr": "Lissaniska | from 2016-10-28 to 2016-11-05 ",
        "action_flag": 1,
        "change_message": "[{\"added\": {}}]"
    }
},
{
    "model": "admin.logentry",
    "pk": 15,
    "fields": {
        "action_time": "2016-10-11T20:18:01.332Z",
        "user": [
            "maria.m.hynes@gmail.com"
        ],
        "content_type": [
            "assets",
            "asset_user_mapping"
        ],
        "object_id": "2",
        "object_repr": "Maria Hynes | Le Roure ",
        "action_flag": 2,
        "change_message": "[{\"changed\": {\"fields\": [\"inviter\"]}}]"
    }
},
{
    "model": "admin.logentry",
    "pk": 16,
    "fields": {
        "action_time": "2016-10-11T20:18:08.513Z",
        "user": [
            "maria.m.hynes@gmail.com"
        ],
        "content_type": [
            "assets",
            "asset_user_mapping"
        ],
        "object_id": "1",
        "object_repr": "Maria Hynes | Lissaniska ",
        "action_flag": 2,
        "change_message": "[{\"changed\": {\"fields\": [\"inviter\"]}}]"
    }
},
{
    "model": "admin.logentry",
    "pk": 17,
    "fields": {
        "action_time": "2016-10-11T20:18:39.928Z",
        "user": [
            "maria.m.hynes@gmail.com"
        ],
        "content_type": [
            "assets",
            "asset_user_mapping"
        ],
        "object_id": "4",
        "object_repr": "Maria Hynes | Le Roure ",
        "action_flag": 1,
        "change_message": "[{\"added\": {}}]"
    }
},
{
    "model": "admin.logentry",
    "pk": 18,
    "fields": {
        "action_time": "2016-10-14T18:43:28.147Z",
        "user": [
            "maria.m.hynes@gmail.com"
        ],
        "content_type": [
            "bookings",
            "booking"
        ],
        "object_id": "1",
        "object_repr": "Lissaniska | from 2016-10-14 to 2016-11-05 | userId: 8",
        "action_flag": 2,
        "change_message": "[{\"changed\": {\"fields\": [\"start_date\"]}}]"
    }
},
{
    "model": "admin.logentry",
    "pk": 19,
    "fields": {
        "action_time": "2016-10-14T18:44:17.608Z",
        "user": [
            "maria.m.hynes@gmail.com"
        ],
        "content_type": [
            "bookings",
            "booking"
        ],
        "object_id": "1",
        "object_repr": "Lissaniska | from 2016-10-28 to 2016-11-05 | userId: 8",
        "action_flag": 2,
        "change_message": "[{\"changed\": {\"fields\": [\"start_date\"]}}]"
    }
},
{
    "model": "admin.logentry",
    "pk": 20,
    "fields": {
        "action_time": "2016-10-18T19:18:58.138Z",
        "user": [
            "maria.m.hynes@gmail.com"
        ],
        "content_type": [
            "accounts",
            "user"
        ],
        "object_id": "14",
        "object_repr": "brendan.hynes@gmail.com",
        "action_flag": 1,
        "change_message": "[{\"added\": {}}]"
    }
},
{
    "model": "admin.logentry",
    "pk": 21,
    "fields": {
        "action_time": "2016-10-18T19:19:36Z",
        "user": [
            "maria.m.hynes@gmail.com"
        ],
        "content_type": [
            "accounts",
            "user"
        ],
        "object_id": "15",
        "object_repr": "eddie.hynes@gmail.com",
        "action_flag": 1,
        "change_message": "[{\"added\": {}}]"
    }
},
{
    "model": "admin.logentry",
    "pk": 22,
    "fields": {
        "action_time": "2016-10-18T19:19:59.078Z",
        "user": [
            "maria.m.hynes@gmail.com"
        ],
        "content_type": [
            "accounts",
            "user"
        ],
        "object_id": "16",
        "object_repr": "darragh.hynes@gmail.com",
        "action_flag": 1,
        "change_message": "[{\"added\": {}}]"
    }
},
{
    "model": "admin.logentry",
    "pk": 23,
    "fields": {
        "action_time": "2016-10-18T19:20:24.976Z",
        "user": [
            "maria.m.hynes@gmail.com"
        ],
        "content_type": [
            "accounts",
            "user"
        ],
        "object_id": "17",
        "object_repr": "eoghan.hynes@gmail.com",
        "action_flag": 1,
        "change_message": "[{\"added\": {}}]"
    }
},
{
    "model": "admin.logentry",
    "pk": 24,
    "fields": {
        "action_time": "2016-10-18T19:21:11.164Z",
        "user": [
            "maria.m.hynes@gmail.com"
        ],
        "content_type": [
            "assets",
            "asset_user_mapping"
        ],
        "object_id": "5",
        "object_repr": "Brendan Hynes | Lissaniska ",
        "action_flag": 1,
        "change_message": "[{\"added\": {}}]"
    }
},
{
    "model": "admin.logentry",
    "pk": 25,
    "fields": {
        "action_time": "2016-10-18T19:21:27.352Z",
        "user": [
            "maria.m.hynes@gmail.com"
        ],
        "content_type": [
            "assets",
            "asset_user_mapping"
        ],
        "object_id": "6",
        "object_repr": "Eddie Hynes | Lissaniska ",
        "action_flag": 1,
        "change_message": "[{\"added\": {}}]"
    }
},
{
    "model": "admin.logentry",
    "pk": 26,
    "fields": {
        "action_time": "2016-10-18T19:21:47.987Z",
        "user": [
            "maria.m.hynes@gmail.com"
        ],
        "content_type": [
            "assets",
            "asset_user_mapping"
        ],
        "object_id": "7",
        "object_repr": "Darragh Hynes | Lissaniska ",
        "action_flag": 1,
        "change_message": "[{\"added\": {}}]"
    }
},
{
    "model": "admin.logentry",
    "pk": 27,
    "fields": {
        "action_time": "2016-10-18T19:22:07.081Z",
        "user": [
            "maria.m.hynes@gmail.com"
        ],
        "content_type": [
            "assets",
            "asset_user_mapping"
        ],
        "object_id": "8",
        "object_repr": "Eoghan Hynes | Lissaniska ",
        "action_flag": 1,
        "change_message": "[{\"added\": {}}]"
    }
},
{
    "model": "admin.logentry",
    "pk": 28,
    "fields": {
        "action_time": "2016-10-18T19:23:52.850Z",
        "user": [
            "maria.m.hynes@gmail.com"
        ],
        "content_type": [
            "assets",
            "asset_user_mapping"
        ],
        "object_id": "3",
        "object_repr": "David Hynes | Lissaniska | Sort: 2",
        "action_flag": 2,
        "change_message": "[{\"changed\": {\"fields\": [\"position_in_rotation\", \"inviter\"]}}]"
    }
},
{
    "model": "admin.logentry",
    "pk": 29,
    "fields": {
        "action_time": "2016-10-18T20:35:32.951Z",
        "user": [
            "maria.m.hynes@gmail.com"
        ],
        "content_type": [
            "assets",
            "asset_user_mapping"
        ],
        "object_id": "8",
        "object_repr": "Eoghan Hynes | Lissaniska | Sort: 3",
        "action_flag": 2,
        "change_message": "[{\"changed\": {\"fields\": [\"is_owner\"]}}]"
    }
},
{
    "model": "admin.logentry",
    "pk": 30,
    "fields": {
        "action_time": "2016-10-18T20:35:37.488Z",
        "user": [
            "maria.m.hynes@gmail.com"
        ],
        "content_type": [
            "assets",
            "asset_user_mapping"
        ],
        "object_id": "7",
        "object_repr": "Darragh Hynes | Lissaniska | Sort: 5",
        "action_flag": 2,
        "change_message": "[{\"changed\": {\"fields\": [\"is_owner\"]}}]"
    }
},
{
    "model": "admin.logentry",
    "pk": 31,
    "fields": {
        "action_time": "2016-10-18T20:35:42.339Z",
        "user": [
            "maria.m.hynes@gmail.com"
        ],
        "content_type": [
            "assets",
            "asset_user_mapping"
        ],
        "object_id": "6",
        "object_repr": "Eddie Hynes | Lissaniska | Sort: 4",
        "action_flag": 2,
        "change_message": "[{\"changed\": {\"fields\": [\"is_owner\"]}}]"
    }
},
{
    "model": "admin.logentry",
    "pk": 32,
    "fields": {
        "action_time": "2016-10-18T20:35:47.130Z",
        "user": [
            "maria.m.hynes@gmail.com"
        ],
        "content_type": [
            "assets",
            "asset_user_mapping"
        ],
        "object_id": "5",
        "object_repr": "Brendan Hynes | Lissaniska | Sort: 1",
        "action_flag": 2,
        "change_message": "[{\"changed\": {\"fields\": [\"is_owner\"]}}]"
    }
},
{
    "model": "admin.logentry",
    "pk": 33,
    "fields": {
        "action_time": "2016-10-18T20:35:51.148Z",
        "user": [
            "maria.m.hynes@gmail.com"
        ],
        "content_type": [
            "assets",
            "asset_user_mapping"
        ],
        "object_id": "3",
        "object_repr": "David Hynes | Lissaniska | Sort: 2",
        "action_flag": 2,
        "change_message": "[]"
    }
},
{
    "model": "admin.logentry",
    "pk": 34,
    "fields": {
        "action_time": "2016-10-18T20:39:01.140Z",
        "user": [
            "maria.m.hynes@gmail.com"
        ],
        "content_type": [
            "assets",
            "asset_user_mapping"
        ],
        "object_id": "4",
        "object_repr": "ID: 10 | Maria Hynes | Le Roure | Sort: 0",
        "action_flag": 2,
        "change_message": "[{\"changed\": {\"fields\": [\"is_owner\"]}}]"
    }
},
{
    "model": "admin.logentry",
    "pk": 35,
    "fields": {
        "action_time": "2016-11-12T17:35:24.495Z",
        "user": [
            "maria.m.hynes@gmail.com"
        ],
        "content_type": [
            "blog",
            "post"
        ],
        "object_id": "1",
        "object_repr": "My First Post",
        "action_flag": 1,
        "change_message": "[{\"added\": {}}]"
    }
},
{
    "model": "admin.logentry",
    "pk": 36,
    "fields": {
        "action_time": "2016-11-13T17:32:00.290Z",
        "user": [
            "maria.m.hynes@gmail.com"
        ],
        "content_type": [
            "blog",
            "post"
        ],
        "object_id": "1",
        "object_repr": "My First Post",
        "action_flag": 2,
        "change_message": "[{\"changed\": {\"fields\": [\"image\"]}}]"
    }
},
{
    "model": "admin.logentry",
    "pk": 37,
    "fields": {
        "action_time": "2016-11-14T22:24:43.569Z",
        "user": [
            "maria.m.hynes@gmail.com"
        ],
        "content_type": [
            "forum",
            "subject"
        ],
        "object_id": "1",
        "object_repr": "Eating Out",
        "action_flag": 1,
        "change_message": "[{\"added\": {}}]"
    }
},
{
    "model": "admin.logentry",
    "pk": 38,
    "fields": {
        "action_time": "2016-11-15T21:29:08.521Z",
        "user": [
            "maria.m.hynes@gmail.com"
        ],
        "content_type": [
            "forum",
            "subject"
        ],
        "object_id": "2",
        "object_repr": "Family Days",
        "action_flag": 1,
        "change_message": "[{\"added\": {}}]"
    }
},
{
    "model": "admin.logentry",
    "pk": 39,
    "fields": {
        "action_time": "2016-11-15T22:10:17.653Z",
        "user": [
            "maria.m.hynes@gmail.com"
        ],
        "content_type": [
            "forum",
            "subject"
        ],
        "object_id": "3",
        "object_repr": "Shopping",
        "action_flag": 1,
        "change_message": "[{\"added\": {}}]"
    }
},
{
    "model": "admin.logentry",
    "pk": 40,
    "fields": {
        "action_time": "2016-11-18T21:57:44.873Z",
        "user": [
            "maria.m.hynes@gmail.com"
        ],
        "content_type": [
            "assets",
            "asset"
        ],
        "object_id": "2",
        "object_repr": "Le Rouret",
        "action_flag": 2,
        "change_message": "[{\"changed\": {\"fields\": [\"sharing_start_date\", \"slot_duration_unit\", \"number_of_slot_units\"]}}]"
    }
},
{
    "model": "admin.logentry",
    "pk": 41,
    "fields": {
        "action_time": "2016-11-18T21:58:25.836Z",
        "user": [
            "maria.m.hynes@gmail.com"
        ],
        "content_type": [
            "assets",
            "asset"
        ],
        "object_id": "2",
        "object_repr": "Le Rouret",
        "action_flag": 2,
        "change_message": "[{\"changed\": {\"fields\": [\"number_of_slot_units\"]}}]"
    }
},
{
    "model": "admin.logentry",
    "pk": 42,
    "fields": {
        "action_time": "2016-11-18T21:59:06.813Z",
        "user": [
            "maria.m.hynes@gmail.com"
        ],
        "content_type": [
            "accounts",
            "user"
        ],
        "object_id": "22",
        "object_repr": "lara.hynes@gmail.com",
        "action_flag": 1,
        "change_message": "[{\"added\": {}}]"
    }
},
{
    "model": "admin.logentry",
    "pk": 43,
    "fields": {
        "action_time": "2016-11-18T22:00:40.380Z",
        "user": [
            "maria.m.hynes@gmail.com"
        ],
        "content_type": [
            "assets",
            "asset_user_mapping"
        ],
        "object_id": "19",
        "object_repr": "ID: 22 | Lara Hynes | Le Rouret | Sort: 2",
        "action_flag": 1,
        "change_message": "[{\"added\": {}}]"
    }
},
{
    "model": "admin.logentry",
    "pk": 44,
    "fields": {
        "action_time": "2016-11-18T22:05:00.879Z",
        "user": [
            "maria.m.hynes@gmail.com"
        ],
        "content_type": [
            "assets",
            "asset"
        ],
        "object_id": "2",
        "object_repr": "Le Rouret",
        "action_flag": 2,
        "change_message": "[{\"changed\": {\"fields\": [\"number_of_slot_units\"]}}]"
    }
},
{
    "model": "admin.logentry",
    "pk": 45,
    "fields": {
        "action_time": "2016-11-19T20:45:20.051Z",
        "user": [
            "maria.m.hynes@gmail.com"
        ],
        "content_type": [
            "bookings",
            "bookingdetail"
        ],
        "object_id": "1",
        "object_repr": "7 | for Lissaniska | requested by userId: 8 | for 2016-11-28 | owned by userId: 13",
        "action_flag": 1,
        "change_message": "[{\"added\": {}}]"
    }
},
{
    "model": "admin.logentry",
    "pk": 46,
    "fields": {
        "action_time": "2016-11-19T20:45:36.036Z",
        "user": [
            "maria.m.hynes@gmail.com"
        ],
        "content_type": [
            "bookings",
            "bookingdetail"
        ],
        "object_id": "2",
        "object_repr": "7 | for Lissaniska | requested by userId: 8 | for 2016-11-29 | owned by userId: 13",
        "action_flag": 1,
        "change_message": "[{\"added\": {}}]"
    }
},
{
    "model": "admin.logentry",
    "pk": 47,
    "fields": {
        "action_time": "2016-11-19T21:40:49.767Z",
        "user": [
            "maria.m.hynes@gmail.com"
        ],
        "content_type": [
            "bookings",
            "bookingdetail"
        ],
        "object_id": "1",
        "object_repr": "7 | for Lissaniska | requested by userId: 8 | for 2016-11-28 | owned by userId: 13",
        "action_flag": 3,
        "change_message": ""
    }
},
{
    "model": "admin.logentry",
    "pk": 48,
    "fields": {
        "action_time": "2016-11-19T22:50:08.379Z",
        "user": [
            "maria.m.hynes@gmail.com"
        ],
        "content_type": [
            "bookings",
            "bookingdetail"
        ],
        "object_id": "3",
        "object_repr": "7 | for Lissaniska | requested by userId: 8  | for 2016-11-28 | owned by userId: 13",
        "action_flag": 1,
        "change_message": "[{\"added\": {}}]"
    }
},
{
    "model": "admin.logentry",
    "pk": 49,
    "fields": {
        "action_time": "2016-11-20T18:17:37.087Z",
        "user": [
            "maria.m.hynes@gmail.com"
        ],
        "content_type": [
            "bookings",
            "bookingdetail"
        ],
        "object_id": "4",
        "object_repr": "6 | for Lissaniska | requested by userId: 8  | for 2016-11-01 | owned by userId: 14",
        "action_flag": 1,
        "change_message": "[{\"added\": {}}]"
    }
},
{
    "model": "admin.logentry",
    "pk": 50,
    "fields": {
        "action_time": "2016-11-20T18:21:59.139Z",
        "user": [
            "maria.m.hynes@gmail.com"
        ],
        "content_type": [
            "bookings",
            "booking"
        ],
        "object_id": "5",
        "object_repr": "5 | for Le Rouret | requested by userId: 8 ",
        "action_flag": 2,
        "change_message": "[{\"changed\": {\"fields\": [\"asset_ID\"]}}]"
    }
},
{
    "model": "admin.logentry",
    "pk": 51,
    "fields": {
        "action_time": "2016-11-20T18:22:29.884Z",
        "user": [
            "maria.m.hynes@gmail.com"
        ],
        "content_type": [
            "bookings",
            "bookingdetail"
        ],
        "object_id": "5",
        "object_repr": "5 | for Le Rouret | requested by userId: 8  | for 2017-07-02 | owned by userId: 21",
        "action_flag": 1,
        "change_message": "[{\"added\": {}}]"
    }
},
{
    "model": "admin.logentry",
    "pk": 52,
    "fields": {
        "action_time": "2016-11-20T20:47:18.116Z",
        "user": [
            "maria.m.hynes@gmail.com"
        ],
        "content_type": [
            "bookings",
            "bookingdetail"
        ],
        "object_id": "6",
        "object_repr": "4 | for Lissaniska | requested by userId: 8  | for 2016-11-03 | owned by userId: 17",
        "action_flag": 1,
        "change_message": "[{\"added\": {}}]"
    }
},
{
    "model": "admin.logentry",
    "pk": 53,
    "fields": {
        "action_time": "2016-11-20T20:47:52.525Z",
        "user": [
            "maria.m.hynes@gmail.com"
        ],
        "content_type": [
            "bookings",
            "bookingdetail"
        ],
        "object_id": "6",
        "object_repr": "4 | for Lissaniska | requested by userId: 8  | for 2016-12-01 | owned by userId: 17",
        "action_flag": 2,
        "change_message": "[{\"changed\": {\"fields\": [\"booking_date\"]}}]"
    }
},
{
    "model": "admin.logentry",
    "pk": 54,
    "fields": {
        "action_time": "2016-12-02T22:05:32.116Z",
        "user": [
            "maria.m.hynes@gmail.com"
        ],
        "content_type": [
            "assets",
            "assettype"
        ],
        "object_id": "2",
        "object_repr": "Vehicle",
        "action_flag": 1,
        "change_message": "[{\"added\": {}}]"
    }
},
{
    "model": "admin.logentry",
    "pk": 55,
    "fields": {
        "action_time": "2016-12-02T22:06:30.916Z",
        "user": [
            "maria.m.hynes@gmail.com"
        ],
        "content_type": [
            "assets",
            "asset"
        ],
        "object_id": "3",
        "object_repr": "Moving Van",
        "action_flag": 1,
        "change_message": "[{\"added\": {}}]"
    }
},
{
    "model": "admin.logentry",
    "pk": 56,
    "fields": {
        "action_time": "2016-12-02T22:07:20.089Z",
        "user": [
            "maria.m.hynes@gmail.com"
        ],
        "content_type": [
            "assets",
            "asset_user_mapping"
        ],
        "object_id": "20",
        "object_repr": "ID: 8 | Maria Hynes | Moving Van | Sort: 0",
        "action_flag": 1,
        "change_message": "[{\"added\": {}}]"
    }
},
{
    "model": "admin.logentry",
    "pk": 57,
    "fields": {
        "action_time": "2016-12-02T22:07:38.236Z",
        "user": [
            "maria.m.hynes@gmail.com"
        ],
        "content_type": [
            "assets",
            "asset_user_mapping"
        ],
        "object_id": "21",
        "object_repr": "ID: 19 | Fake Name | Moving Van | Sort: 1",
        "action_flag": 1,
        "change_message": "[{\"added\": {}}]"
    }
},
{
    "model": "admin.logentry",
    "pk": 58,
    "fields": {
        "action_time": "2016-12-02T22:18:25.696Z",
        "user": [
            "maria.m.hynes@gmail.com"
        ],
        "content_type": [
            "assets",
            "durationtype"
        ],
        "object_id": "3",
        "object_repr": "One Owner",
        "action_flag": 2,
        "change_message": "[{\"changed\": {\"fields\": [\"duration_type\"]}}]"
    }
},
{
    "model": "admin.logentry",
    "pk": 59,
    "fields": {
        "action_time": "2016-12-02T22:23:22.906Z",
        "user": [
            "maria.m.hynes@gmail.com"
        ],
        "content_type": [
            "assets",
            "asset"
        ],
        "object_id": "3",
        "object_repr": "Moving Van",
        "action_flag": 2,
        "change_message": "[{\"changed\": {\"fields\": [\"number_of_slot_units\"]}}]"
    }
},
{
    "model": "admin.logentry",
    "pk": 60,
    "fields": {
        "action_time": "2016-12-02T22:23:47.785Z",
        "user": [
            "maria.m.hynes@gmail.com"
        ],
        "content_type": [
            "assets",
            "asset"
        ],
        "object_id": "3",
        "object_repr": "Moving Van",
        "action_flag": 2,
        "change_message": "[{\"changed\": {\"fields\": [\"number_of_slot_units\"]}}]"
    }
},
{
    "model": "admin.logentry",
    "pk": 61,
    "fields": {
        "action_time": "2016-12-06T14:36:38.813Z",
        "user": [
            "maria.m.hynes@gmail.com"
        ],
        "content_type": [
            "flatpages",
            "flatpage"
        ],
        "object_id": "3",
        "object_repr": "/pages/share/ -- Sharing",
        "action_flag": 2,
        "change_message": "[{\"changed\": {\"fields\": [\"content\"]}}]"
    }
},
{
    "model": "admin.logentry",
    "pk": 62,
    "fields": {
        "action_time": "2016-12-06T14:37:27.706Z",
        "user": [
            "maria.m.hynes@gmail.com"
        ],
        "content_type": [
            "flatpages",
            "flatpage"
        ],
        "object_id": "3",
        "object_repr": "/pages/share/ -- Sharing",
        "action_flag": 2,
        "change_message": "[{\"changed\": {\"fields\": [\"content\"]}}]"
    }
},
{
    "model": "admin.logentry",
    "pk": 63,
    "fields": {
        "action_time": "2016-12-06T14:38:00.631Z",
        "user": [
            "maria.m.hynes@gmail.com"
        ],
        "content_type": [
            "flatpages",
            "flatpage"
        ],
        "object_id": "3",
        "object_repr": "/pages/share/ -- Sharing",
        "action_flag": 2,
        "change_message": "[{\"changed\": {\"fields\": [\"content\"]}}]"
    }
},
{
    "model": "admin.logentry",
    "pk": 64,
    "fields": {
        "action_time": "2016-12-06T14:55:35.097Z",
        "user": [
            "maria.m.hynes@gmail.com"
        ],
        "content_type": [
            "flatpages",
            "flatpage"
        ],
        "object_id": "3",
        "object_repr": "/pages/share/ -- Sharing",
        "action_flag": 2,
        "change_message": "[{\"changed\": {\"fields\": [\"content\"]}}]"
    }
},
{
    "model": "admin.logentry",
    "pk": 65,
    "fields": {
        "action_time": "2016-12-06T14:58:33.549Z",
        "user": [
            "maria.m.hynes@gmail.com"
        ],
        "content_type": [
            "flatpages",
            "flatpage"
        ],
        "object_id": "3",
        "object_repr": "/pages/share/ -- Sharing",
        "action_flag": 2,
        "change_message": "[{\"changed\": {\"fields\": [\"content\"]}}]"
    }
},
{
    "model": "admin.logentry",
    "pk": 66,
    "fields": {
        "action_time": "2016-12-06T14:59:22.307Z",
        "user": [
            "maria.m.hynes@gmail.com"
        ],
        "content_type": [
            "flatpages",
            "flatpage"
        ],
        "object_id": "3",
        "object_repr": "/pages/share/ -- Sharing",
        "action_flag": 2,
        "change_message": "[{\"changed\": {\"fields\": [\"content\"]}}]"
    }
},
{
    "model": "admin.logentry",
    "pk": 67,
    "fields": {
        "action_time": "2016-12-06T15:01:12.577Z",
        "user": [
            "maria.m.hynes@gmail.com"
        ],
        "content_type": [
            "flatpages",
            "flatpage"
        ],
        "object_id": "3",
        "object_repr": "/pages/share/ -- Sharing",
        "action_flag": 2,
        "change_message": "[{\"changed\": {\"fields\": [\"content\"]}}]"
    }
},
{
    "model": "admin.logentry",
    "pk": 68,
    "fields": {
        "action_time": "2016-12-06T15:02:59.240Z",
        "user": [
            "maria.m.hynes@gmail.com"
        ],
        "content_type": [
            "flatpages",
            "flatpage"
        ],
        "object_id": "3",
        "object_repr": "/pages/share/ -- Sharing",
        "action_flag": 2,
        "change_message": "[{\"changed\": {\"fields\": [\"content\"]}}]"
    }
},
{
    "model": "admin.logentry",
    "pk": 69,
    "fields": {
        "action_time": "2016-12-06T15:04:48.126Z",
        "user": [
            "maria.m.hynes@gmail.com"
        ],
        "content_type": [
            "flatpages",
            "flatpage"
        ],
        "object_id": "3",
        "object_repr": "/pages/share/ -- Sharing",
        "action_flag": 2,
        "change_message": "[{\"changed\": {\"fields\": [\"content\"]}}]"
    }
},
{
    "model": "admin.logentry",
    "pk": 70,
    "fields": {
        "action_time": "2016-12-06T15:11:10.734Z",
        "user": [
            "maria.m.hynes@gmail.com"
        ],
        "content_type": [
            "flatpages",
            "flatpage"
        ],
        "object_id": "3",
        "object_repr": "/pages/share/ -- Sharing",
        "action_flag": 2,
        "change_message": "[{\"changed\": {\"fields\": [\"content\"]}}]"
    }
},
{
    "model": "admin.logentry",
    "pk": 71,
    "fields": {
        "action_time": "2016-12-06T16:17:03.104Z",
        "user": [
            "maria.m.hynes@gmail.com"
        ],
        "content_type": [
            "flatpages",
            "flatpage"
        ],
        "object_id": "3",
        "object_repr": "/pages/share/ -- Sharing",
        "action_flag": 2,
        "change_message": "[{\"changed\": {\"fields\": [\"content\"]}}]"
    }
},
{
    "model": "admin.logentry",
    "pk": 72,
    "fields": {
        "action_time": "2016-12-06T16:19:58.486Z",
        "user": [
            "maria.m.hynes@gmail.com"
        ],
        "content_type": [
            "flatpages",
            "flatpage"
        ],
        "object_id": "3",
        "object_repr": "/pages/share/ -- Sharing",
        "action_flag": 2,
        "change_message": "[{\"changed\": {\"fields\": [\"content\"]}}]"
    }
},
{
    "model": "admin.logentry",
    "pk": 73,
    "fields": {
        "action_time": "2016-12-06T16:21:59.787Z",
        "user": [
            "maria.m.hynes@gmail.com"
        ],
        "content_type": [
            "flatpages",
            "flatpage"
        ],
        "object_id": "3",
        "object_repr": "/pages/share/ -- Sharing",
        "action_flag": 2,
        "change_message": "[{\"changed\": {\"fields\": [\"content\"]}}]"
    }
},
{
    "model": "admin.logentry",
    "pk": 74,
    "fields": {
        "action_time": "2016-12-06T16:22:53.683Z",
        "user": [
            "maria.m.hynes@gmail.com"
        ],
        "content_type": [
            "flatpages",
            "flatpage"
        ],
        "object_id": "3",
        "object_repr": "/pages/share/ -- Sharing",
        "action_flag": 2,
        "change_message": "[{\"changed\": {\"fields\": [\"content\"]}}]"
    }
},
{
    "model": "admin.logentry",
    "pk": 75,
    "fields": {
        "action_time": "2016-12-06T16:23:40.306Z",
        "user": [
            "maria.m.hynes@gmail.com"
        ],
        "content_type": [
            "flatpages",
            "flatpage"
        ],
        "object_id": "3",
        "object_repr": "/pages/share/ -- Sharing",
        "action_flag": 2,
        "change_message": "[{\"changed\": {\"fields\": [\"content\"]}}]"
    }
},
{
    "model": "admin.logentry",
    "pk": 76,
    "fields": {
        "action_time": "2016-12-06T16:24:07.093Z",
        "user": [
            "maria.m.hynes@gmail.com"
        ],
        "content_type": [
            "flatpages",
            "flatpage"
        ],
        "object_id": "3",
        "object_repr": "/pages/share/ -- Sharing",
        "action_flag": 2,
        "change_message": "[{\"changed\": {\"fields\": [\"content\"]}}]"
    }
},
{
    "model": "admin.logentry",
    "pk": 77,
    "fields": {
        "action_time": "2016-12-06T16:28:56.259Z",
        "user": [
            "maria.m.hynes@gmail.com"
        ],
        "content_type": [
            "flatpages",
            "flatpage"
        ],
        "object_id": "3",
        "object_repr": "/pages/share/ -- Sharing",
        "action_flag": 2,
        "change_message": "[{\"changed\": {\"fields\": [\"content\"]}}]"
    }
},
{
    "model": "admin.logentry",
    "pk": 78,
    "fields": {
        "action_time": "2016-12-06T16:29:30.136Z",
        "user": [
            "maria.m.hynes@gmail.com"
        ],
        "content_type": [
            "flatpages",
            "flatpage"
        ],
        "object_id": "3",
        "object_repr": "/pages/share/ -- Sharing",
        "action_flag": 2,
        "change_message": "[{\"changed\": {\"fields\": [\"content\"]}}]"
    }
},
{
    "model": "admin.logentry",
    "pk": 79,
    "fields": {
        "action_time": "2016-12-08T22:18:36.956Z",
        "user": [
            "maria.m.hynes@gmail.com"
        ],
        "content_type": [
            "assets",
            "asset"
        ],
        "object_id": "3",
        "object_repr": "Moving Van",
        "action_flag": 2,
        "change_message": "[{\"changed\": {\"fields\": [\"image\"]}}]"
    }
},
{
    "model": "admin.logentry",
    "pk": 80,
    "fields": {
        "action_time": "2016-12-08T22:18:45.334Z",
        "user": [
            "maria.m.hynes@gmail.com"
        ],
        "content_type": [
            "assets",
            "asset"
        ],
        "object_id": "2",
        "object_repr": "Le Rouret",
        "action_flag": 2,
        "change_message": "[{\"changed\": {\"fields\": [\"image\"]}}]"
    }
},
{
    "model": "admin.logentry",
    "pk": 81,
    "fields": {
        "action_time": "2016-12-08T22:18:56.270Z",
        "user": [
            "maria.m.hynes@gmail.com"
        ],
        "content_type": [
            "assets",
            "asset"
        ],
        "object_id": "1",
        "object_repr": "Lissaniska",
        "action_flag": 2,
        "change_message": "[{\"changed\": {\"fields\": [\"image\"]}}]"
    }
},
{
    "model": "admin.logentry",
    "pk": 82,
    "fields": {
        "action_time": "2016-12-09T11:52:45.778Z",
        "user": [
            "maria.m.hynes@gmail.com"
        ],
        "content_type": [
            "forum",
            "subject"
        ],
        "object_id": "1",
        "object_repr": "Eating Out",
        "action_flag": 2,
        "change_message": "[{\"changed\": {\"fields\": [\"description\", \"image\"]}}]"
    }
},
{
    "model": "admin.logentry",
    "pk": 83,
    "fields": {
        "action_time": "2016-12-09T11:53:29.453Z",
        "user": [
            "maria.m.hynes@gmail.com"
        ],
        "content_type": [
            "forum",
            "subject"
        ],
        "object_id": "4",
        "object_repr": "Eating Out",
        "action_flag": 1,
        "change_message": "[{\"added\": {}}]"
    }
},
{
    "model": "admin.logentry",
    "pk": 84,
    "fields": {
        "action_time": "2016-12-09T11:53:41.778Z",
        "user": [
            "maria.m.hynes@gmail.com"
        ],
        "content_type": [
            "forum",
            "subject"
        ],
        "object_id": "2",
        "object_repr": "Family Days",
        "action_flag": 2,
        "change_message": "[{\"changed\": {\"fields\": [\"image\"]}}]"
    }
},
{
    "model": "admin.logentry",
    "pk": 85,
    "fields": {
        "action_time": "2016-12-09T11:54:24.357Z",
        "user": [
            "maria.m.hynes@gmail.com"
        ],
        "content_type": [
            "forum",
            "subject"
        ],
        "object_id": "5",
        "object_repr": "Days Out",
        "action_flag": 1,
        "change_message": "[{\"added\": {}}]"
    }
},
{
    "model": "admin.logentry",
    "pk": 86,
    "fields": {
        "action_time": "2016-12-09T11:55:34.951Z",
        "user": [
            "maria.m.hynes@gmail.com"
        ],
        "content_type": [
            "forum",
            "subject"
        ],
        "object_id": "6",
        "object_repr": "Log Book",
        "action_flag": 1,
        "change_message": "[{\"added\": {}}]"
    }
},
{
    "model": "admin.logentry",
    "pk": 87,
    "fields": {
        "action_time": "2016-12-09T11:58:28.273Z",
        "user": [
            "maria.m.hynes@gmail.com"
        ],
        "content_type": [
            "forum",
            "subject"
        ],
        "object_id": "7",
        "object_repr": "Shopping",
        "action_flag": 1,
        "change_message": "[{\"added\": {}}]"
    }
},
{
    "model": "admin.logentry",
    "pk": 88,
    "fields": {
        "action_time": "2016-12-09T11:59:11.759Z",
        "user": [
            "maria.m.hynes@gmail.com"
        ],
        "content_type": [
            "forum",
            "subject"
        ],
        "object_id": "8",
        "object_repr": "Shopping",
        "action_flag": 1,
        "change_message": "[{\"added\": {}}]"
    }
},
{
    "model": "admin.logentry",
    "pk": 89,
    "fields": {
        "action_time": "2016-12-09T12:04:13.493Z",
        "user": [
            "maria.m.hynes@gmail.com"
        ],
        "content_type": [
            "forum",
            "subject"
        ],
        "object_id": "8",
        "object_repr": "Shopping | Le Rouret",
        "action_flag": 2,
        "change_message": "[{\"changed\": {\"fields\": [\"image\"]}}]"
    }
},
{
    "model": "admin.logentry",
    "pk": 90,
    "fields": {
        "action_time": "2016-12-09T12:05:12.182Z",
        "user": [
            "maria.m.hynes@gmail.com"
        ],
        "content_type": [
            "forum",
            "subject"
        ],
        "object_id": "8",
        "object_repr": "8 | Shopping | Le Rouret",
        "action_flag": 3,
        "change_message": ""
    }
},
{
    "model": "admin.logentry",
    "pk": 91,
    "fields": {
        "action_time": "2016-12-09T12:06:06.780Z",
        "user": [
            "maria.m.hynes@gmail.com"
        ],
        "content_type": [
            "forum",
            "subject"
        ],
        "object_id": "3",
        "object_repr": "3 | Shopping | Le Rouret",
        "action_flag": 2,
        "change_message": "[{\"changed\": {\"fields\": [\"image\"]}}]"
    }
},
{
    "model": "admin.logentry",
    "pk": 92,
    "fields": {
        "action_time": "2016-12-09T22:16:07.790Z",
        "user": [
            "maria.m.hynes@gmail.com"
        ],
        "content_type": [
            "blog",
            "post"
        ],
        "object_id": "10",
        "object_repr": "Craft Fairs & Markets",
        "action_flag": 2,
        "change_message": "[{\"changed\": {\"fields\": [\"image\"]}}]"
    }
},
{
    "model": "admin.logentry",
    "pk": 93,
    "fields": {
        "action_time": "2016-12-09T22:16:25.341Z",
        "user": [
            "maria.m.hynes@gmail.com"
        ],
        "content_type": [
            "blog",
            "post"
        ],
        "object_id": "4",
        "object_repr": "Christmas in Le Rouret",
        "action_flag": 2,
        "change_message": "[{\"changed\": {\"fields\": [\"content\", \"image\"]}}]"
    }
},
{
    "model": "admin.logentry",
    "pk": 94,
    "fields": {
        "action_time": "2016-12-09T22:16:36.382Z",
        "user": [
            "maria.m.hynes@gmail.com"
        ],
        "content_type": [
            "blog",
            "post"
        ],
        "object_id": "3",
        "object_repr": "Always sunny!",
        "action_flag": 2,
        "change_message": "[{\"changed\": {\"fields\": [\"content\", \"image\"]}}]"
    }
},
{
    "model": "admin.logentry",
    "pk": 95,
    "fields": {
        "action_time": "2016-12-09T22:16:46.967Z",
        "user": [
            "maria.m.hynes@gmail.com"
        ],
        "content_type": [
            "blog",
            "post"
        ],
        "object_id": "2",
        "object_repr": "David's Birthday",
        "action_flag": 2,
        "change_message": "[{\"changed\": {\"fields\": [\"content\", \"image\"]}}]"
    }
}
]
